EXP NUM,SOLVENT A NAME,SOLVENT B NAME,SolventB%,Residence Time,Temperature,SM,Product,SM SMILES,Product SMILES,SOLVENT A SMILES,SOLVENT B SMILES,SOLVENT A Ratio,SOLVENT B Ratio,Reaction SMILES A,Reaction SMILES B
0,Methanol,Ethyl Acetate,1.0,16.0,220.0,0.776996859,0.135167492,C=CCOC1=CC=CC=C1,OC1=CC=CC=C1CC=C,CO,O=C(OCC)C,[1.0],[1.0],C=CCOC1=CC=CC=C1.CO>>OC1=CC=CC=C1CC=C,C=CCOC1=CC=CC=C1.O=C(OCC)C>>OC1=CC=CC=C1CC=C
0,Methanol,Ethyl Acetate,0.9775562718,16.0,220.0,0.777938711,0.145510185,C=CCOC1=CC=CC=C1,OC1=CC=CC=C1CC=C,CO,O=C(OCC)C,[1.0],[1.0],C=CCOC1=CC=CC=C1.CO>>OC1=CC=CC=C1CC=C,C=CCOC1=CC=CC=C1.O=C(OCC)C>>OC1=CC=CC=C1CC=C
0,Methanol,Ethyl Acetate,0.9052229385,16.0,220.0,0.77726946,0.169276413,C=CCOC1=CC=CC=C1,OC1=CC=CC=C1CC=C,CO,O=C(OCC)C,[1.0],[1.0],C=CCOC1=CC=CC=C1.CO>>OC1=CC=CC=C1CC=C,C=CCOC1=CC=CC=C1.O=C(OCC)C>>OC1=CC=CC=C1CC=C
0,Methanol,Ethyl Acetate,0.8338896052,16.0,220.0,0.758232032,0.191477025,C=CCOC1=CC=CC=C1,OC1=CC=CC=C1CC=C,CO,O=C(OCC)C,[1.0],[1.0],C=CCOC1=CC=CC=C1.CO>>OC1=CC=CC=C1CC=C,C=CCOC1=CC=CC=C1.O=C(OCC)C>>OC1=CC=CC=C1CC=C
0,Methanol,Ethyl Acetate,0.7618896051999999,16.0,220.0,0.640482547,0.182970599,C=CCOC1=CC=CC=C1,OC1=CC=CC=C1CC=C,CO,O=C(OCC)C,[1.0],[1.0],C=CCOC1=CC=CC=C1.CO>>OC1=CC=CC=C1CC=C,C=CCOC1=CC=CC=C1.O=C(OCC)C>>OC1=CC=CC=C1CC=C
0,Methanol,Ethyl Acetate,0.6902229384999999,16.0,220.0,0.586521075,0.140571095,C=CCOC1=CC=CC=C1,OC1=CC=CC=C1CC=C,CO,O=C(OCC)C,[1.0],[1.0],C=CCOC1=CC=CC=C1.CO>>OC1=CC=CC=C1CC=C,C=CCOC1=CC=CC=C1.O=C(OCC)C>>OC1=CC=CC=C1CC=C
0,Methanol,Ethyl Acetate,0.6188896052,16.0,220.0,0.580242552,0.15768464,C=CCOC1=CC=CC=C1,OC1=CC=CC=C1CC=C,CO,O=C(OCC)C,[1.0],[1.0],C=CCOC1=CC=CC=C1.CO>>OC1=CC=CC=C1CC=C,C=CCOC1=CC=CC=C1.O=C(OCC)C>>OC1=CC=CC=C1CC=C
0,Methanol,Ethyl Acetate,0.5468896052000001,16.0,220.0,0.573026867,0.169502923,C=CCOC1=CC=CC=C1,OC1=CC=CC=C1CC=C,CO,O=C(OCC)C,[1.0],[1.0],C=CCOC1=CC=CC=C1.CO>>OC1=CC=CC=C1CC=C,C=CCOC1=CC=CC=C1.O=C(OCC)C>>OC1=CC=CC=C1CC=C
0,Methanol,Ethyl Acetate,0.47555627180000004,16.0,220.0,0.564124696,0.182194842,C=CCOC1=CC=CC=C1,OC1=CC=CC=C1CC=C,CO,O=C(OCC)C,[1.0],[1.0],C=CCOC1=CC=CC=C1.CO>>OC1=CC=CC=C1CC=C,C=CCOC1=CC=CC=C1.O=C(OCC)C>>OC1=CC=CC=C1CC=C
0,Methanol,Ethyl Acetate,0.4032229385,16.0,220.0,0.555639841,0.195966451,C=CCOC1=CC=CC=C1,OC1=CC=CC=C1CC=C,CO,O=C(OCC)C,[1.0],[1.0],C=CCOC1=CC=CC=C1.CO>>OC1=CC=CC=C1CC=C,C=CCOC1=CC=CC=C1.O=C(OCC)C>>OC1=CC=CC=C1CC=C
0,Methanol,Ethyl Acetate,0.3315562718,16.0,220.0,0.547077446,0.209213287,C=CCOC1=CC=CC=C1,OC1=CC=CC=C1CC=C,CO,O=C(OCC)C,[1.0],[1.0],C=CCOC1=CC=CC=C1.CO>>OC1=CC=CC=C1CC=C,C=CCOC1=CC=CC=C1.O=C(OCC)C>>OC1=CC=CC=C1CC=C
0,Methanol,Ethyl Acetate,0.2602229385,16.0,220.0,0.536082198,0.222008833,C=CCOC1=CC=CC=C1,OC1=CC=CC=C1CC=C,CO,O=C(OCC)C,[1.0],[1.0],C=CCOC1=CC=CC=C1.CO>>OC1=CC=CC=C1CC=C,C=CCOC1=CC=CC=C1.O=C(OCC)C>>OC1=CC=CC=C1CC=C
0,Methanol,Ethyl Acetate,0.18822293850000002,16.0,220.0,0.522936901,0.236126506,C=CCOC1=CC=CC=C1,OC1=CC=CC=C1CC=C,CO,O=C(OCC)C,[1.0],[1.0],C=CCOC1=CC=CC=C1.CO>>OC1=CC=CC=C1CC=C,C=CCOC1=CC=CC=C1.O=C(OCC)C>>OC1=CC=CC=C1CC=C
0,Methanol,Ethyl Acetate,0.1172229385,16.0,220.0,0.51130335,0.251797633,C=CCOC1=CC=CC=C1,OC1=CC=CC=C1CC=C,CO,O=C(OCC)C,[1.0],[1.0],C=CCOC1=CC=CC=C1.CO>>OC1=CC=CC=C1CC=C,C=CCOC1=CC=CC=C1.O=C(OCC)C>>OC1=CC=CC=C1CC=C
0,Methanol,Ethyl Acetate,0.0452229385,16.0,220.0,0.503466192,0.266517045,C=CCOC1=CC=CC=C1,OC1=CC=CC=C1CC=C,CO,O=C(OCC)C,[1.0],[1.0],C=CCOC1=CC=CC=C1.CO>>OC1=CC=CC=C1CC=C,C=CCOC1=CC=CC=C1.O=C(OCC)C>>OC1=CC=CC=C1CC=C
0,Methanol,Ethyl Acetate,0.0,16.0,220.0,0.496093651,0.275563576,C=CCOC1=CC=CC=C1,OC1=CC=CC=C1CC=C,CO,O=C(OCC)C,[1.0],[1.0],C=CCOC1=CC=CC=C1.CO>>OC1=CC=CC=C1CC=C,C=CCOC1=CC=CC=C1.O=C(OCC)C>>OC1=CC=CC=C1CC=C
0,Methanol,Ethyl Acetate,0.0,16.0,220.0,0.49427366,0.282070762,C=CCOC1=CC=CC=C1,OC1=CC=CC=C1CC=C,CO,O=C(OCC)C,[1.0],[1.0],C=CCOC1=CC=CC=C1.CO>>OC1=CC=CC=C1CC=C,C=CCOC1=CC=CC=C1.O=C(OCC)C>>OC1=CC=CC=C1CC=C
0,Methanol,Ethyl Acetate,0.0,16.0,220.0,0.496354726,0.284008788,C=CCOC1=CC=CC=C1,OC1=CC=CC=C1CC=C,CO,O=C(OCC)C,[1.0],[1.0],C=CCOC1=CC=CC=C1.CO>>OC1=CC=CC=C1CC=C,C=CCOC1=CC=CC=C1.O=C(OCC)C>>OC1=CC=CC=C1CC=C
0,Methanol,Ethyl Acetate,0.0,16.0,220.0,0.499354676,0.283803632,C=CCOC1=CC=CC=C1,OC1=CC=CC=C1CC=C,CO,O=C(OCC)C,[1.0],[1.0],C=CCOC1=CC=CC=C1.CO>>OC1=CC=CC=C1CC=C,C=CCOC1=CC=CC=C1.O=C(OCC)C>>OC1=CC=CC=C1CC=C
0,Methanol,Ethyl Acetate,0.0,16.0,220.0,0.505140513,0.283878415,C=CCOC1=CC=CC=C1,OC1=CC=CC=C1CC=C,CO,O=C(OCC)C,[1.0],[1.0],C=CCOC1=CC=CC=C1.CO>>OC1=CC=CC=C1CC=C,C=CCOC1=CC=CC=C1.O=C(OCC)C>>OC1=CC=CC=C1CC=C
0,Methanol,Ethyl Acetate,0.0,16.0,220.0,0.507107104,0.282767,C=CCOC1=CC=CC=C1,OC1=CC=CC=C1CC=C,CO,O=C(OCC)C,[1.0],[1.0],C=CCOC1=CC=CC=C1.CO>>OC1=CC=CC=C1CC=C,C=CCOC1=CC=CC=C1.O=C(OCC)C>>OC1=CC=CC=C1CC=C
0,Methanol,Ethyl Acetate,0.05644372817,16.0,220.0,0.509642668,0.282483264,C=CCOC1=CC=CC=C1,OC1=CC=CC=C1CC=C,CO,O=C(OCC)C,[1.0],[1.0],C=CCOC1=CC=CC=C1.CO>>OC1=CC=CC=C1CC=C,C=CCOC1=CC=CC=C1.O=C(OCC)C>>OC1=CC=CC=C1CC=C
0,Methanol,Ethyl Acetate,0.1281103948,16.0,220.0,0.525702961,0.271544463,C=CCOC1=CC=CC=C1,OC1=CC=CC=C1CC=C,CO,O=C(OCC)C,[1.0],[1.0],C=CCOC1=CC=CC=C1.CO>>OC1=CC=CC=C1CC=C,C=CCOC1=CC=CC=C1.O=C(OCC)C>>OC1=CC=CC=C1CC=C
0,Methanol,Ethyl Acetate,0.2004437282,16.0,220.0,0.55141043,0.254575526,C=CCOC1=CC=CC=C1,OC1=CC=CC=C1CC=C,CO,O=C(OCC)C,[1.0],[1.0],C=CCOC1=CC=CC=C1.CO>>OC1=CC=CC=C1CC=C,C=CCOC1=CC=CC=C1.O=C(OCC)C>>OC1=CC=CC=C1CC=C
0,Methanol,Ethyl Acetate,0.2724437282,16.0,220.0,0.5729167,0.238781984,C=CCOC1=CC=CC=C1,OC1=CC=CC=C1CC=C,CO,O=C(OCC)C,[1.0],[1.0],C=CCOC1=CC=CC=C1.CO>>OC1=CC=CC=C1CC=C,C=CCOC1=CC=CC=C1.O=C(OCC)C>>OC1=CC=CC=C1CC=C
0,Methanol,Ethyl Acetate,0.34344372819999996,16.0,220.0,0.58651246,0.228739674,C=CCOC1=CC=CC=C1,OC1=CC=CC=C1CC=C,CO,O=C(OCC)C,[1.0],[1.0],C=CCOC1=CC=CC=C1.CO>>OC1=CC=CC=C1CC=C,C=CCOC1=CC=CC=C1.O=C(OCC)C>>OC1=CC=CC=C1CC=C
0,Methanol,Ethyl Acetate,0.4157770615,16.0,220.0,0.602209079,0.21808831,C=CCOC1=CC=CC=C1,OC1=CC=CC=C1CC=C,CO,O=C(OCC)C,[1.0],[1.0],C=CCOC1=CC=CC=C1.CO>>OC1=CC=CC=C1CC=C,C=CCOC1=CC=CC=C1.O=C(OCC)C>>OC1=CC=CC=C1CC=C
0,Methanol,Ethyl Acetate,0.4867770615,16.0,220.0,0.617104897,0.20664529,C=CCOC1=CC=CC=C1,OC1=CC=CC=C1CC=C,CO,O=C(OCC)C,[1.0],[1.0],C=CCOC1=CC=CC=C1.CO>>OC1=CC=CC=C1CC=C,C=CCOC1=CC=CC=C1.O=C(OCC)C>>OC1=CC=CC=C1CC=C
0,Methanol,Ethyl Acetate,0.5587770615000001,16.0,220.0,0.631574072,0.195071408,C=CCOC1=CC=CC=C1,OC1=CC=CC=C1CC=C,CO,O=C(OCC)C,[1.0],[1.0],C=CCOC1=CC=CC=C1.CO>>OC1=CC=CC=C1CC=C,C=CCOC1=CC=CC=C1.O=C(OCC)C>>OC1=CC=CC=C1CC=C
0,Methanol,Ethyl Acetate,0.6301103948,16.0,220.0,0.644714518,0.184816932,C=CCOC1=CC=CC=C1,OC1=CC=CC=C1CC=C,CO,O=C(OCC)C,[1.0],[1.0],C=CCOC1=CC=CC=C1.CO>>OC1=CC=CC=C1CC=C,C=CCOC1=CC=CC=C1.O=C(OCC)C>>OC1=CC=CC=C1CC=C
0,Methanol,Ethyl Acetate,0.7014437282,16.0,220.0,0.661527482,0.173507873,C=CCOC1=CC=CC=C1,OC1=CC=CC=C1CC=C,CO,O=C(OCC)C,[1.0],[1.0],C=CCOC1=CC=CC=C1.CO>>OC1=CC=CC=C1CC=C,C=CCOC1=CC=CC=C1.O=C(OCC)C>>OC1=CC=CC=C1CC=C
0,Methanol,Ethyl Acetate,0.7737770614999999,16.0,220.0,0.677783127,0.162604432,C=CCOC1=CC=CC=C1,OC1=CC=CC=C1CC=C,CO,O=C(OCC)C,[1.0],[1.0],C=CCOC1=CC=CC=C1.CO>>OC1=CC=CC=C1CC=C,C=CCOC1=CC=CC=C1.O=C(OCC)C>>OC1=CC=CC=C1CC=C
0,Methanol,Ethyl Acetate,0.8447770615,16.0,220.0,0.695955323,0.223120131,C=CCOC1=CC=CC=C1,OC1=CC=CC=C1CC=C,CO,O=C(OCC)C,[1.0],[1.0],C=CCOC1=CC=CC=C1.CO>>OC1=CC=CC=C1CC=C,C=CCOC1=CC=CC=C1.O=C(OCC)C>>OC1=CC=CC=C1CC=C
0,Methanol,Ethyl Acetate,0.9171103948,16.0,220.0,0.760458879,0.239541121,C=CCOC1=CC=CC=C1,OC1=CC=CC=C1CC=C,CO,O=C(OCC)C,[1.0],[1.0],C=CCOC1=CC=CC=C1.CO>>OC1=CC=CC=C1CC=C,C=CCOC1=CC=CC=C1.O=C(OCC)C>>OC1=CC=CC=C1CC=C
0,Methanol,Ethyl Acetate,0.9881103948000001,16.0,220.0,0.778787373,0.209212361,C=CCOC1=CC=CC=C1,OC1=CC=CC=C1CC=C,CO,O=C(OCC)C,[1.0],[1.0],C=CCOC1=CC=CC=C1.CO>>OC1=CC=CC=C1CC=C,C=CCOC1=CC=CC=C1.O=C(OCC)C>>OC1=CC=CC=C1CC=C
0,Methanol,Ethyl Acetate,1.0,16.0,220.0,0.784920469,0.161685755,C=CCOC1=CC=CC=C1,OC1=CC=CC=C1CC=C,CO,O=C(OCC)C,[1.0],[1.0],C=CCOC1=CC=CC=C1.CO>>OC1=CC=CC=C1CC=C,C=CCOC1=CC=CC=C1.O=C(OCC)C>>OC1=CC=CC=C1CC=C
1,Methanol,Water,0.5,16.0,220.0,0.236777108,0.53768654,C=CCOC1=CC=CC=C1,OC1=CC=CC=C1CC=C,CO,O,[1.0],[1.0],C=CCOC1=CC=CC=C1.CO>>OC1=CC=CC=C1CC=C,C=CCOC1=CC=CC=C1.O>>OC1=CC=CC=C1CC=C
1,Methanol,Water,0.4759448026,16.0,220.0,0.238696277,0.535048377,C=CCOC1=CC=CC=C1,OC1=CC=CC=C1CC=C,CO,O,[1.0],[1.0],C=CCOC1=CC=CC=C1.CO>>OC1=CC=CC=C1CC=C,C=CCOC1=CC=CC=C1.O>>OC1=CC=CC=C1CC=C
1,Methanol,Water,0.4401114692,16.0,220.0,0.248887404,0.531154273,C=CCOC1=CC=CC=C1,OC1=CC=CC=C1CC=C,CO,O,[1.0],[1.0],C=CCOC1=CC=CC=C1.CO>>OC1=CC=CC=C1CC=C,C=CCOC1=CC=CC=C1.O>>OC1=CC=CC=C1CC=C
1,Methanol,Water,0.4042781359,16.0,220.0,0.261027755,0.50385512,C=CCOC1=CC=CC=C1,OC1=CC=CC=C1CC=C,CO,O,[1.0],[1.0],C=CCOC1=CC=CC=C1.CO>>OC1=CC=CC=C1CC=C,C=CCOC1=CC=CC=C1.O>>OC1=CC=CC=C1CC=C
1,Methanol,Water,0.36844480259999995,16.0,220.0,0.276289816,0.477499051,C=CCOC1=CC=CC=C1,OC1=CC=CC=C1CC=C,CO,O,[1.0],[1.0],C=CCOC1=CC=CC=C1.CO>>OC1=CC=CC=C1CC=C,C=CCOC1=CC=CC=C1.O>>OC1=CC=CC=C1CC=C
1,Methanol,Water,0.3326114692,16.0,220.0,0.299262971,0.45457861,C=CCOC1=CC=CC=C1,OC1=CC=CC=C1CC=C,CO,O,[1.0],[1.0],C=CCOC1=CC=CC=C1.CO>>OC1=CC=CC=C1CC=C,C=CCOC1=CC=CC=C1.O>>OC1=CC=CC=C1CC=C
1,Methanol,Water,0.2967781359,16.0,220.0,0.325586548,0.441381222,C=CCOC1=CC=CC=C1,OC1=CC=CC=C1CC=C,CO,O,[1.0],[1.0],C=CCOC1=CC=CC=C1.CO>>OC1=CC=CC=C1CC=C,C=CCOC1=CC=CC=C1.O>>OC1=CC=CC=C1CC=C
1,Methanol,Water,0.2611114692,16.0,220.0,0.347949237,0.429397388,C=CCOC1=CC=CC=C1,OC1=CC=CC=C1CC=C,CO,O,[1.0],[1.0],C=CCOC1=CC=CC=C1.CO>>OC1=CC=CC=C1CC=C,C=CCOC1=CC=CC=C1.O>>OC1=CC=CC=C1CC=C
1,Methanol,Water,0.2252781359,16.0,220.0,0.377130568,0.412215927,C=CCOC1=CC=CC=C1,OC1=CC=CC=C1CC=C,CO,O,[1.0],[1.0],C=CCOC1=CC=CC=C1.CO>>OC1=CC=CC=C1CC=C,C=CCOC1=CC=CC=C1.O>>OC1=CC=CC=C1CC=C
1,Methanol,Water,0.18961146920000002,16.0,220.0,0.402529966,0.395295413,C=CCOC1=CC=CC=C1,OC1=CC=CC=C1CC=C,CO,O,[1.0],[1.0],C=CCOC1=CC=CC=C1.CO>>OC1=CC=CC=C1CC=C,C=CCOC1=CC=CC=C1.O>>OC1=CC=CC=C1CC=C
1,Methanol,Water,0.1536114692,16.0,220.0,0.432588479,0.39547616,C=CCOC1=CC=CC=C1,OC1=CC=CC=C1CC=C,CO,O,[1.0],[1.0],C=CCOC1=CC=CC=C1.CO>>OC1=CC=CC=C1CC=C,C=CCOC1=CC=CC=C1.O>>OC1=CC=CC=C1CC=C
1,Methanol,Water,0.11794480260000001,16.0,220.0,0.460642492,0.390370162,C=CCOC1=CC=CC=C1,OC1=CC=CC=C1CC=C,CO,O,[1.0],[1.0],C=CCOC1=CC=CC=C1.CO>>OC1=CC=CC=C1CC=C,C=CCOC1=CC=CC=C1.O>>OC1=CC=CC=C1CC=C
1,Methanol,Water,0.08227813591000001,16.0,220.0,0.491303734,0.364363482,C=CCOC1=CC=CC=C1,OC1=CC=CC=C1CC=C,CO,O,[1.0],[1.0],C=CCOC1=CC=CC=C1.CO>>OC1=CC=CC=C1CC=C,C=CCOC1=CC=CC=C1.O>>OC1=CC=CC=C1CC=C
1,Methanol,Water,0.04627813591,16.0,220.0,0.5158751,0.337057838,C=CCOC1=CC=CC=C1,OC1=CC=CC=C1CC=C,CO,O,[1.0],[1.0],C=CCOC1=CC=CC=C1.CO>>OC1=CC=CC=C1CC=C,C=CCOC1=CC=CC=C1.O>>OC1=CC=CC=C1CC=C
1,Methanol,Water,0.01077813591,16.0,220.0,0.537806567,0.311535865,C=CCOC1=CC=CC=C1,OC1=CC=CC=C1CC=C,CO,O,[1.0],[1.0],C=CCOC1=CC=CC=C1.CO>>OC1=CC=CC=C1CC=C,C=CCOC1=CC=CC=C1.O>>OC1=CC=CC=C1CC=C
1,Methanol,Water,0.0,16.0,220.0,0.554290928,0.312716777,C=CCOC1=CC=CC=C1,OC1=CC=CC=C1CC=C,CO,O,[1.0],[1.0],C=CCOC1=CC=CC=C1.CO>>OC1=CC=CC=C1CC=C,C=CCOC1=CC=CC=C1.O>>OC1=CC=CC=C1CC=C
1,Methanol,Water,0.0,16.0,220.0,0.561030103,0.303462209,C=CCOC1=CC=CC=C1,OC1=CC=CC=C1CC=C,CO,O,[1.0],[1.0],C=CCOC1=CC=CC=C1.CO>>OC1=CC=CC=C1CC=C,C=CCOC1=CC=CC=C1.O>>OC1=CC=CC=C1CC=C
1,Methanol,Water,0.0,16.0,220.0,0.563903116,0.292549943,C=CCOC1=CC=CC=C1,OC1=CC=CC=C1CC=C,CO,O,[1.0],[1.0],C=CCOC1=CC=CC=C1.CO>>OC1=CC=CC=C1CC=C,C=CCOC1=CC=CC=C1.O>>OC1=CC=CC=C1CC=C
1,Methanol,Water,0.0,16.0,220.0,0.565428701,0.316639246,C=CCOC1=CC=CC=C1,OC1=CC=CC=C1CC=C,CO,O,[1.0],[1.0],C=CCOC1=CC=CC=C1.CO>>OC1=CC=CC=C1CC=C,C=CCOC1=CC=CC=C1.O>>OC1=CC=CC=C1CC=C
1,Methanol,Water,0.0,16.0,220.0,0.562790355,0.293877883,C=CCOC1=CC=CC=C1,OC1=CC=CC=C1CC=C,CO,O,[1.0],[1.0],C=CCOC1=CC=CC=C1.CO>>OC1=CC=CC=C1CC=C,C=CCOC1=CC=CC=C1.O>>OC1=CC=CC=C1CC=C
1,Methanol,Water,0.00488853075,16.0,220.0,0.561992702,0.297683951,C=CCOC1=CC=CC=C1,OC1=CC=CC=C1CC=C,CO,O,[1.0],[1.0],C=CCOC1=CC=CC=C1.CO>>OC1=CC=CC=C1CC=C,C=CCOC1=CC=CC=C1.O>>OC1=CC=CC=C1CC=C
1,Methanol,Water,0.04055519742,16.0,220.0,0.557384448,0.301221017,C=CCOC1=CC=CC=C1,OC1=CC=CC=C1CC=C,CO,O,[1.0],[1.0],C=CCOC1=CC=CC=C1.CO>>OC1=CC=CC=C1CC=C,C=CCOC1=CC=CC=C1.O>>OC1=CC=CC=C1CC=C
1,Methanol,Water,0.07655519742,16.0,220.0,0.531536171,0.327413315,C=CCOC1=CC=CC=C1,OC1=CC=CC=C1CC=C,CO,O,[1.0],[1.0],C=CCOC1=CC=CC=C1.CO>>OC1=CC=CC=C1CC=C,C=CCOC1=CC=CC=C1.O>>OC1=CC=CC=C1CC=C
1,Methanol,Water,0.11222186410000001,16.0,220.0,0.500380675,0.350817236,C=CCOC1=CC=CC=C1,OC1=CC=CC=C1CC=C,CO,O,[1.0],[1.0],C=CCOC1=CC=CC=C1.CO>>OC1=CC=CC=C1CC=C,C=CCOC1=CC=CC=C1.O>>OC1=CC=CC=C1CC=C
1,Methanol,Water,0.14822186410000002,16.0,220.0,0.477912465,0.391029573,C=CCOC1=CC=CC=C1,OC1=CC=CC=C1CC=C,CO,O,[1.0],[1.0],C=CCOC1=CC=CC=C1.CO>>OC1=CC=CC=C1CC=C,C=CCOC1=CC=CC=C1.O>>OC1=CC=CC=C1CC=C
1,Methanol,Water,0.1842218641,16.0,220.0,0.451946899,0.411644777,C=CCOC1=CC=CC=C1,OC1=CC=CC=C1CC=C,CO,O,[1.0],[1.0],C=CCOC1=CC=CC=C1.CO>>OC1=CC=CC=C1CC=C,C=CCOC1=CC=CC=C1.O>>OC1=CC=CC=C1CC=C
1,Methanol,Water,0.2197218641,16.0,220.0,0.429158108,0.431142035,C=CCOC1=CC=CC=C1,OC1=CC=CC=C1CC=C,CO,O,[1.0],[1.0],C=CCOC1=CC=CC=C1.CO>>OC1=CC=CC=C1CC=C,C=CCOC1=CC=CC=C1.O>>OC1=CC=CC=C1CC=C
1,Methanol,Water,0.25572186410000003,16.0,220.0,0.404490597,0.449209003,C=CCOC1=CC=CC=C1,OC1=CC=CC=C1CC=C,CO,O,[1.0],[1.0],C=CCOC1=CC=CC=C1.CO>>OC1=CC=CC=C1CC=C,C=CCOC1=CC=CC=C1.O>>OC1=CC=CC=C1CC=C
1,Methanol,Water,0.2917218641,16.0,220.0,0.380450641,0.468465754,C=CCOC1=CC=CC=C1,OC1=CC=CC=C1CC=C,CO,O,[1.0],[1.0],C=CCOC1=CC=CC=C1.CO>>OC1=CC=CC=C1CC=C,C=CCOC1=CC=CC=C1.O>>OC1=CC=CC=C1CC=C
1,Methanol,Water,0.32738853079999997,16.0,220.0,0.357537006,0.485001805,C=CCOC1=CC=CC=C1,OC1=CC=CC=C1CC=C,CO,O,[1.0],[1.0],C=CCOC1=CC=CC=C1.CO>>OC1=CC=CC=C1CC=C,C=CCOC1=CC=CC=C1.O>>OC1=CC=CC=C1CC=C
1,Methanol,Water,0.3632218641,16.0,220.0,0.33312608,0.506166428,C=CCOC1=CC=CC=C1,OC1=CC=CC=C1CC=C,CO,O,[1.0],[1.0],C=CCOC1=CC=CC=C1.CO>>OC1=CC=CC=C1CC=C,C=CCOC1=CC=CC=C1.O>>OC1=CC=CC=C1CC=C
1,Methanol,Water,0.39922186410000005,16.0,220.0,0.313497826,0.526686284,C=CCOC1=CC=CC=C1,OC1=CC=CC=C1CC=C,CO,O,[1.0],[1.0],C=CCOC1=CC=CC=C1.CO>>OC1=CC=CC=C1CC=C,C=CCOC1=CC=CC=C1.O>>OC1=CC=CC=C1CC=C
1,Methanol,Water,0.4350551974,16.0,220.0,0.291213817,0.545009179,C=CCOC1=CC=CC=C1,OC1=CC=CC=C1CC=C,CO,O,[1.0],[1.0],C=CCOC1=CC=CC=C1.CO>>OC1=CC=CC=C1CC=C,C=CCOC1=CC=CC=C1.O>>OC1=CC=CC=C1CC=C
1,Methanol,Water,0.4707218641,16.0,220.0,0.27435313,0.560966673,C=CCOC1=CC=CC=C1,OC1=CC=CC=C1CC=C,CO,O,[1.0],[1.0],C=CCOC1=CC=CC=C1.CO>>OC1=CC=CC=C1CC=C,C=CCOC1=CC=CC=C1.O>>OC1=CC=CC=C1CC=C
1,Methanol,Water,0.5,16.0,220.0,0.252984836,0.574114955,C=CCOC1=CC=CC=C1,OC1=CC=CC=C1CC=C,CO,O,[1.0],[1.0],C=CCOC1=CC=CC=C1.CO>>OC1=CC=CC=C1CC=C,C=CCOC1=CC=CC=C1.O>>OC1=CC=CC=C1CC=C
2,"Ethylene Glycol [1,2-Ethanediol]",2-Methyltetrahydrofuran [2-MeTHF],0.0,16.0,220.0,0.193681192,0.599533564,C=CCOC1=CC=CC=C1,OC1=CC=CC=C1CC=C,OCCO,O1C(C)CCC1,[1.0],[1.0],C=CCOC1=CC=CC=C1.OCCO>>OC1=CC=CC=C1CC=C,C=CCOC1=CC=CC=C1.O1C(C)CCC1>>OC1=CC=CC=C1CC=C
2,"Ethylene Glycol [1,2-Ethanediol]",2-Methyltetrahydrofuran [2-MeTHF],0.02011039484,16.0,220.0,0.214169933,0.577986829,C=CCOC1=CC=CC=C1,OC1=CC=CC=C1CC=C,OCCO,O1C(C)CCC1,[1.0],[1.0],C=CCOC1=CC=CC=C1.OCCO>>OC1=CC=CC=C1CC=C,C=CCOC1=CC=CC=C1.O1C(C)CCC1>>OC1=CC=CC=C1CC=C
2,"Ethylene Glycol [1,2-Ethanediol]",2-Methyltetrahydrofuran [2-MeTHF],0.0917770615,16.0,220.0,0.25491272,0.552944382,C=CCOC1=CC=CC=C1,OC1=CC=CC=C1CC=C,OCCO,O1C(C)CCC1,[1.0],[1.0],C=CCOC1=CC=CC=C1.OCCO>>OC1=CC=CC=C1CC=C,C=CCOC1=CC=CC=C1.O1C(C)CCC1>>OC1=CC=CC=C1CC=C
2,"Ethylene Glycol [1,2-Ethanediol]",2-Methyltetrahydrofuran [2-MeTHF],0.1634437282,16.0,220.0,0.299654179,0.517890911,C=CCOC1=CC=CC=C1,OC1=CC=CC=C1CC=C,OCCO,O1C(C)CCC1,[1.0],[1.0],C=CCOC1=CC=CC=C1.OCCO>>OC1=CC=CC=C1CC=C,C=CCOC1=CC=CC=C1.O1C(C)CCC1>>OC1=CC=CC=C1CC=C
2,"Ethylene Glycol [1,2-Ethanediol]",2-Methyltetrahydrofuran [2-MeTHF],0.2351103948,16.0,220.0,0.351967234,0.47482395,C=CCOC1=CC=CC=C1,OC1=CC=CC=C1CC=C,OCCO,O1C(C)CCC1,[1.0],[1.0],C=CCOC1=CC=CC=C1.OCCO>>OC1=CC=CC=C1CC=C,C=CCOC1=CC=CC=C1.O1C(C)CCC1>>OC1=CC=CC=C1CC=C
2,"Ethylene Glycol [1,2-Ethanediol]",2-Methyltetrahydrofuran [2-MeTHF],0.3067770615,16.0,220.0,0.40447763,0.430213286,C=CCOC1=CC=CC=C1,OC1=CC=CC=C1CC=C,OCCO,O1C(C)CCC1,[1.0],[1.0],C=CCOC1=CC=CC=C1.OCCO>>OC1=CC=CC=C1CC=C,C=CCOC1=CC=CC=C1.O1C(C)CCC1>>OC1=CC=CC=C1CC=C
2,"Ethylene Glycol [1,2-Ethanediol]",2-Methyltetrahydrofuran [2-MeTHF],0.37844372819999994,16.0,220.0,0.456036275,0.386487835,C=CCOC1=CC=CC=C1,OC1=CC=CC=C1CC=C,OCCO,O1C(C)CCC1,[1.0],[1.0],C=CCOC1=CC=CC=C1.OCCO>>OC1=CC=CC=C1CC=C,C=CCOC1=CC=CC=C1.O1C(C)CCC1>>OC1=CC=CC=C1CC=C
2,"Ethylene Glycol [1,2-Ethanediol]",2-Methyltetrahydrofuran [2-MeTHF],0.45011039480000004,16.0,220.0,0.497656267,0.346121832,C=CCOC1=CC=CC=C1,OC1=CC=CC=C1CC=C,OCCO,O1C(C)CCC1,[1.0],[1.0],C=CCOC1=CC=CC=C1.OCCO>>OC1=CC=CC=C1CC=C,C=CCOC1=CC=CC=C1.O1C(C)CCC1>>OC1=CC=CC=C1CC=C
2,"Ethylene Glycol [1,2-Ethanediol]",2-Methyltetrahydrofuran [2-MeTHF],0.5221103948,16.0,220.0,0.537304244,0.310394522,C=CCOC1=CC=CC=C1,OC1=CC=CC=C1CC=C,OCCO,O1C(C)CCC1,[1.0],[1.0],C=CCOC1=CC=CC=C1.OCCO>>OC1=CC=CC=C1CC=C,C=CCOC1=CC=CC=C1.O1C(C)CCC1>>OC1=CC=CC=C1CC=C
2,"Ethylene Glycol [1,2-Ethanediol]",2-Methyltetrahydrofuran [2-MeTHF],0.5934437282,16.0,220.0,0.575331866,0.276221312,C=CCOC1=CC=CC=C1,OC1=CC=CC=C1CC=C,OCCO,O1C(C)CCC1,[1.0],[1.0],C=CCOC1=CC=CC=C1.OCCO>>OC1=CC=CC=C1CC=C,C=CCOC1=CC=CC=C1.O1C(C)CCC1>>OC1=CC=CC=C1CC=C
2,"Ethylene Glycol [1,2-Ethanediol]",2-Methyltetrahydrofuran [2-MeTHF],0.6654437282000001,16.0,220.0,0.605271909,0.244081519,C=CCOC1=CC=CC=C1,OC1=CC=CC=C1CC=C,OCCO,O1C(C)CCC1,[1.0],[1.0],C=CCOC1=CC=CC=C1.OCCO>>OC1=CC=CC=C1CC=C,C=CCOC1=CC=CC=C1.O1C(C)CCC1>>OC1=CC=CC=C1CC=C
2,"Ethylene Glycol [1,2-Ethanediol]",2-Methyltetrahydrofuran [2-MeTHF],0.7377770615,16.0,220.0,0.623813147,0.222718941,C=CCOC1=CC=CC=C1,OC1=CC=CC=C1CC=C,OCCO,O1C(C)CCC1,[1.0],[1.0],C=CCOC1=CC=CC=C1.OCCO>>OC1=CC=CC=C1CC=C,C=CCOC1=CC=CC=C1.O1C(C)CCC1>>OC1=CC=CC=C1CC=C
2,"Ethylene Glycol [1,2-Ethanediol]",2-Methyltetrahydrofuran [2-MeTHF],0.8087770615,16.0,220.0,0.655188819,0.192256844,C=CCOC1=CC=CC=C1,OC1=CC=CC=C1CC=C,OCCO,O1C(C)CCC1,[1.0],[1.0],C=CCOC1=CC=CC=C1.OCCO>>OC1=CC=CC=C1CC=C,C=CCOC1=CC=CC=C1.O1C(C)CCC1>>OC1=CC=CC=C1CC=C
2,"Ethylene Glycol [1,2-Ethanediol]",2-Methyltetrahydrofuran [2-MeTHF],0.8807770615,16.0,220.0,0.702084374,0.152613435,C=CCOC1=CC=CC=C1,OC1=CC=CC=C1CC=C,OCCO,O1C(C)CCC1,[1.0],[1.0],C=CCOC1=CC=CC=C1.OCCO>>OC1=CC=CC=C1CC=C,C=CCOC1=CC=CC=C1.O1C(C)CCC1>>OC1=CC=CC=C1CC=C
2,"Ethylene Glycol [1,2-Ethanediol]",2-Methyltetrahydrofuran [2-MeTHF],0.9517770615000001,16.0,220.0,0.738184396,0.120717287,C=CCOC1=CC=CC=C1,OC1=CC=CC=C1CC=C,OCCO,O1C(C)CCC1,[1.0],[1.0],C=CCOC1=CC=CC=C1.OCCO>>OC1=CC=CC=C1CC=C,C=CCOC1=CC=CC=C1.O1C(C)CCC1>>OC1=CC=CC=C1CC=C
2,"Ethylene Glycol [1,2-Ethanediol]",2-Methyltetrahydrofuran [2-MeTHF],1.0,16.0,220.0,0.772296517,0.100968989,C=CCOC1=CC=CC=C1,OC1=CC=CC=C1CC=C,OCCO,O1C(C)CCC1,[1.0],[1.0],C=CCOC1=CC=CC=C1.OCCO>>OC1=CC=CC=C1CC=C,C=CCOC1=CC=CC=C1.O1C(C)CCC1>>OC1=CC=CC=C1CC=C
2,"Ethylene Glycol [1,2-Ethanediol]",2-Methyltetrahydrofuran [2-MeTHF],1.0,16.0,220.0,0.818173455,0.097463863,C=CCOC1=CC=CC=C1,OC1=CC=CC=C1CC=C,OCCO,O1C(C)CCC1,[1.0],[1.0],C=CCOC1=CC=CC=C1.OCCO>>OC1=CC=CC=C1CC=C,C=CCOC1=CC=CC=C1.O1C(C)CCC1>>OC1=CC=CC=C1CC=C
2,"Ethylene Glycol [1,2-Ethanediol]",2-Methyltetrahydrofuran [2-MeTHF],1.0,16.0,220.0,0.829335159,0.096323473,C=CCOC1=CC=CC=C1,OC1=CC=CC=C1CC=C,OCCO,O1C(C)CCC1,[1.0],[1.0],C=CCOC1=CC=CC=C1.OCCO>>OC1=CC=CC=C1CC=C,C=CCOC1=CC=CC=C1.O1C(C)CCC1>>OC1=CC=CC=C1CC=C
2,"Ethylene Glycol [1,2-Ethanediol]",2-Methyltetrahydrofuran [2-MeTHF],1.0,16.0,220.0,0.848928436,0.095452559,C=CCOC1=CC=CC=C1,OC1=CC=CC=C1CC=C,OCCO,O1C(C)CCC1,[1.0],[1.0],C=CCOC1=CC=CC=C1.OCCO>>OC1=CC=CC=C1CC=C,C=CCOC1=CC=CC=C1.O1C(C)CCC1>>OC1=CC=CC=C1CC=C
2,"Ethylene Glycol [1,2-Ethanediol]",2-Methyltetrahydrofuran [2-MeTHF],1.0,16.0,220.0,0.829088261,0.095919746,C=CCOC1=CC=CC=C1,OC1=CC=CC=C1CC=C,OCCO,O1C(C)CCC1,[1.0],[1.0],C=CCOC1=CC=CC=C1.OCCO>>OC1=CC=CC=C1CC=C,C=CCOC1=CC=CC=C1.O1C(C)CCC1>>OC1=CC=CC=C1CC=C
2,"Ethylene Glycol [1,2-Ethanediol]",2-Methyltetrahydrofuran [2-MeTHF],1.0,16.0,220.0,0.816512566,0.097095146,C=CCOC1=CC=CC=C1,OC1=CC=CC=C1CC=C,OCCO,O1C(C)CCC1,[1.0],[1.0],C=CCOC1=CC=CC=C1.OCCO>>OC1=CC=CC=C1CC=C,C=CCOC1=CC=CC=C1.O1C(C)CCC1>>OC1=CC=CC=C1CC=C
2,"Ethylene Glycol [1,2-Ethanediol]",2-Methyltetrahydrofuran [2-MeTHF],0.9462229385,16.0,220.0,0.78585105,0.111568924,C=CCOC1=CC=CC=C1,OC1=CC=CC=C1CC=C,OCCO,O1C(C)CCC1,[1.0],[1.0],C=CCOC1=CC=CC=C1.OCCO>>OC1=CC=CC=C1CC=C,C=CCOC1=CC=CC=C1.O1C(C)CCC1>>OC1=CC=CC=C1CC=C
2,"Ethylene Glycol [1,2-Ethanediol]",2-Methyltetrahydrofuran [2-MeTHF],0.8745562718,16.0,220.0,0.720229678,0.157728782,C=CCOC1=CC=CC=C1,OC1=CC=CC=C1CC=C,OCCO,O1C(C)CCC1,[1.0],[1.0],C=CCOC1=CC=CC=C1.OCCO>>OC1=CC=CC=C1CC=C,C=CCOC1=CC=CC=C1.O1C(C)CCC1>>OC1=CC=CC=C1CC=C
2,"Ethylene Glycol [1,2-Ethanediol]",2-Methyltetrahydrofuran [2-MeTHF],0.8022229385,16.0,220.0,0.670574508,0.197157058,C=CCOC1=CC=CC=C1,OC1=CC=CC=C1CC=C,OCCO,O1C(C)CCC1,[1.0],[1.0],C=CCOC1=CC=CC=C1.OCCO>>OC1=CC=CC=C1CC=C,C=CCOC1=CC=CC=C1.O1C(C)CCC1>>OC1=CC=CC=C1CC=C
2,"Ethylene Glycol [1,2-Ethanediol]",2-Methyltetrahydrofuran [2-MeTHF],0.7312229385000001,16.0,220.0,0.637529085,0.232144766,C=CCOC1=CC=CC=C1,OC1=CC=CC=C1CC=C,OCCO,O1C(C)CCC1,[1.0],[1.0],C=CCOC1=CC=CC=C1.OCCO>>OC1=CC=CC=C1CC=C,C=CCOC1=CC=CC=C1.O1C(C)CCC1>>OC1=CC=CC=C1CC=C
2,"Ethylene Glycol [1,2-Ethanediol]",2-Methyltetrahydrofuran [2-MeTHF],0.6595562718,16.0,220.0,0.610308101,0.261469233,C=CCOC1=CC=CC=C1,OC1=CC=CC=C1CC=C,OCCO,O1C(C)CCC1,[1.0],[1.0],C=CCOC1=CC=CC=C1.OCCO>>OC1=CC=CC=C1CC=C,C=CCOC1=CC=CC=C1.O1C(C)CCC1>>OC1=CC=CC=C1CC=C
2,"Ethylene Glycol [1,2-Ethanediol]",2-Methyltetrahydrofuran [2-MeTHF],0.5882229385,16.0,220.0,0.565454531,0.298816422,C=CCOC1=CC=CC=C1,OC1=CC=CC=C1CC=C,OCCO,O1C(C)CCC1,[1.0],[1.0],C=CCOC1=CC=CC=C1.OCCO>>OC1=CC=CC=C1CC=C,C=CCOC1=CC=CC=C1.O1C(C)CCC1>>OC1=CC=CC=C1CC=C
2,"Ethylene Glycol [1,2-Ethanediol]",2-Methyltetrahydrofuran [2-MeTHF],0.5165562718000001,16.0,220.0,0.51644999,0.348698052,C=CCOC1=CC=CC=C1,OC1=CC=CC=C1CC=C,OCCO,O1C(C)CCC1,[1.0],[1.0],C=CCOC1=CC=CC=C1.OCCO>>OC1=CC=CC=C1CC=C,C=CCOC1=CC=CC=C1.O1C(C)CCC1>>OC1=CC=CC=C1CC=C
2,"Ethylene Glycol [1,2-Ethanediol]",2-Methyltetrahydrofuran [2-MeTHF],0.4445562718,16.0,220.0,0.472616033,0.387816152,C=CCOC1=CC=CC=C1,OC1=CC=CC=C1CC=C,OCCO,O1C(C)CCC1,[1.0],[1.0],C=CCOC1=CC=CC=C1.OCCO>>OC1=CC=CC=C1CC=C,C=CCOC1=CC=CC=C1.O1C(C)CCC1>>OC1=CC=CC=C1CC=C
2,"Ethylene Glycol [1,2-Ethanediol]",2-Methyltetrahydrofuran [2-MeTHF],0.3732229385,16.0,220.0,0.417572296,0.424380517,C=CCOC1=CC=CC=C1,OC1=CC=CC=C1CC=C,OCCO,O1C(C)CCC1,[1.0],[1.0],C=CCOC1=CC=CC=C1.OCCO>>OC1=CC=CC=C1CC=C,C=CCOC1=CC=CC=C1.O1C(C)CCC1>>OC1=CC=CC=C1CC=C
2,"Ethylene Glycol [1,2-Ethanediol]",2-Methyltetrahydrofuran [2-MeTHF],0.3012229385,16.0,220.0,0.377620968,0.458398647,C=CCOC1=CC=CC=C1,OC1=CC=CC=C1CC=C,OCCO,O1C(C)CCC1,[1.0],[1.0],C=CCOC1=CC=CC=C1.OCCO>>OC1=CC=CC=C1CC=C,C=CCOC1=CC=CC=C1.O1C(C)CCC1>>OC1=CC=CC=C1CC=C
2,"Ethylene Glycol [1,2-Ethanediol]",2-Methyltetrahydrofuran [2-MeTHF],0.22955627180000002,16.0,220.0,0.331909727,0.49543652,C=CCOC1=CC=CC=C1,OC1=CC=CC=C1CC=C,OCCO,O1C(C)CCC1,[1.0],[1.0],C=CCOC1=CC=CC=C1.OCCO>>OC1=CC=CC=C1CC=C,C=CCOC1=CC=CC=C1.O1C(C)CCC1>>OC1=CC=CC=C1CC=C
2,"Ethylene Glycol [1,2-Ethanediol]",2-Methyltetrahydrofuran [2-MeTHF],0.1572229385,16.0,220.0,0.290448954,0.526169626,C=CCOC1=CC=CC=C1,OC1=CC=CC=C1CC=C,OCCO,O1C(C)CCC1,[1.0],[1.0],C=CCOC1=CC=CC=C1.OCCO>>OC1=CC=CC=C1CC=C,C=CCOC1=CC=CC=C1.O1C(C)CCC1>>OC1=CC=CC=C1CC=C
2,"Ethylene Glycol [1,2-Ethanediol]",2-Methyltetrahydrofuran [2-MeTHF],0.0862229385,16.0,220.0,0.245297818,0.553909491,C=CCOC1=CC=CC=C1,OC1=CC=CC=C1CC=C,OCCO,O1C(C)CCC1,[1.0],[1.0],C=CCOC1=CC=CC=C1.OCCO>>OC1=CC=CC=C1CC=C,C=CCOC1=CC=CC=C1.O1C(C)CCC1>>OC1=CC=CC=C1CC=C
2,"Ethylene Glycol [1,2-Ethanediol]",2-Methyltetrahydrofuran [2-MeTHF],0.01388960516,16.0,220.0,0.205289896,0.596914653,C=CCOC1=CC=CC=C1,OC1=CC=CC=C1CC=C,OCCO,O1C(C)CCC1,[1.0],[1.0],C=CCOC1=CC=CC=C1.OCCO>>OC1=CC=CC=C1CC=C,C=CCOC1=CC=CC=C1.O1C(C)CCC1>>OC1=CC=CC=C1CC=C
2,"Ethylene Glycol [1,2-Ethanediol]",2-Methyltetrahydrofuran [2-MeTHF],0.0,16.0,220.0,0.188316118,0.605445097,C=CCOC1=CC=CC=C1,OC1=CC=CC=C1CC=C,OCCO,O1C(C)CCC1,[1.0],[1.0],C=CCOC1=CC=CC=C1.OCCO>>OC1=CC=CC=C1CC=C,C=CCOC1=CC=CC=C1.O1C(C)CCC1>>OC1=CC=CC=C1CC=C
3,Methanol,"Ethylene Glycol [1,2-Ethanediol]",1.0,16.0,220.0,0.193779317,0.60952848,C=CCOC1=CC=CC=C1,OC1=CC=CC=C1CC=C,CO,OCCO,[1.0],[1.0],C=CCOC1=CC=CC=C1.CO>>OC1=CC=CC=C1CC=C,C=CCOC1=CC=CC=C1.OCCO>>OC1=CC=CC=C1CC=C
3,Methanol,"Ethylene Glycol [1,2-Ethanediol]",0.9802229385,16.0,220.0,0.196427144,0.603797576,C=CCOC1=CC=CC=C1,OC1=CC=CC=C1CC=C,CO,OCCO,[1.0],[1.0],C=CCOC1=CC=CC=C1.CO>>OC1=CC=CC=C1CC=C,C=CCOC1=CC=CC=C1.OCCO>>OC1=CC=CC=C1CC=C
3,Methanol,"Ethylene Glycol [1,2-Ethanediol]",0.9085562718,16.0,220.0,0.201022213,0.583708597,C=CCOC1=CC=CC=C1,OC1=CC=CC=C1CC=C,CO,OCCO,[1.0],[1.0],C=CCOC1=CC=CC=C1.CO>>OC1=CC=CC=C1CC=C,C=CCOC1=CC=CC=C1.OCCO>>OC1=CC=CC=C1CC=C
3,Methanol,"Ethylene Glycol [1,2-Ethanediol]",0.8372229385,16.0,220.0,0.204292468,0.587691654,C=CCOC1=CC=CC=C1,OC1=CC=CC=C1CC=C,CO,OCCO,[1.0],[1.0],C=CCOC1=CC=CC=C1.CO>>OC1=CC=CC=C1CC=C,C=CCOC1=CC=CC=C1.OCCO>>OC1=CC=CC=C1CC=C
3,Methanol,"Ethylene Glycol [1,2-Ethanediol]",0.7655562718,16.0,220.0,0.176949899,0.59202961,C=CCOC1=CC=CC=C1,OC1=CC=CC=C1CC=C,CO,OCCO,[1.0],[1.0],C=CCOC1=CC=CC=C1.CO>>OC1=CC=CC=C1CC=C,C=CCOC1=CC=CC=C1.OCCO>>OC1=CC=CC=C1CC=C
3,Methanol,"Ethylene Glycol [1,2-Ethanediol]",0.6932229384999999,16.0,220.0,0.201978574,0.575882711,C=CCOC1=CC=CC=C1,OC1=CC=CC=C1CC=C,CO,OCCO,[1.0],[1.0],C=CCOC1=CC=CC=C1.CO>>OC1=CC=CC=C1CC=C,C=CCOC1=CC=CC=C1.OCCO>>OC1=CC=CC=C1CC=C
3,Methanol,"Ethylene Glycol [1,2-Ethanediol]",0.6218896052,16.0,220.0,0.23173199,0.552294339,C=CCOC1=CC=CC=C1,OC1=CC=CC=C1CC=C,CO,OCCO,[1.0],[1.0],C=CCOC1=CC=CC=C1.CO>>OC1=CC=CC=C1CC=C,C=CCOC1=CC=CC=C1.OCCO>>OC1=CC=CC=C1CC=C
3,Methanol,"Ethylene Glycol [1,2-Ethanediol]",0.5498896052,16.0,220.0,0.262620975,0.528369113,C=CCOC1=CC=CC=C1,OC1=CC=CC=C1CC=C,CO,OCCO,[1.0],[1.0],C=CCOC1=CC=CC=C1.CO>>OC1=CC=CC=C1CC=C,C=CCOC1=CC=CC=C1.OCCO>>OC1=CC=CC=C1CC=C
3,Methanol,"Ethylene Glycol [1,2-Ethanediol]",0.4785562718,16.0,220.0,0.292696911,0.504825521,C=CCOC1=CC=CC=C1,OC1=CC=CC=C1CC=C,CO,OCCO,[1.0],[1.0],C=CCOC1=CC=CC=C1.CO>>OC1=CC=CC=C1CC=C,C=CCOC1=CC=CC=C1.OCCO>>OC1=CC=CC=C1CC=C
3,Methanol,"Ethylene Glycol [1,2-Ethanediol]",0.4068896052,16.0,220.0,0.32983772,0.480652601,C=CCOC1=CC=CC=C1,OC1=CC=CC=C1CC=C,CO,OCCO,[1.0],[1.0],C=CCOC1=CC=CC=C1.CO>>OC1=CC=CC=C1CC=C,C=CCOC1=CC=CC=C1.OCCO>>OC1=CC=CC=C1CC=C
3,Methanol,"Ethylene Glycol [1,2-Ethanediol]",0.3345562718,16.0,220.0,0.364810452,0.454956761,C=CCOC1=CC=CC=C1,OC1=CC=CC=C1CC=C,CO,OCCO,[1.0],[1.0],C=CCOC1=CC=CC=C1.CO>>OC1=CC=CC=C1CC=C,C=CCOC1=CC=CC=C1.OCCO>>OC1=CC=CC=C1CC=C
3,Methanol,"Ethylene Glycol [1,2-Ethanediol]",0.26355627179999996,16.0,220.0,0.396169704,0.435094412,C=CCOC1=CC=CC=C1,OC1=CC=CC=C1CC=C,CO,OCCO,[1.0],[1.0],C=CCOC1=CC=CC=C1.CO>>OC1=CC=CC=C1CC=C,C=CCOC1=CC=CC=C1.OCCO>>OC1=CC=CC=C1CC=C
3,Methanol,"Ethylene Glycol [1,2-Ethanediol]",0.1912229385,16.0,220.0,0.427139098,0.410939965,C=CCOC1=CC=CC=C1,OC1=CC=CC=C1CC=C,CO,OCCO,[1.0],[1.0],C=CCOC1=CC=CC=C1.CO>>OC1=CC=CC=C1CC=C,C=CCOC1=CC=CC=C1.OCCO>>OC1=CC=CC=C1CC=C
3,Methanol,"Ethylene Glycol [1,2-Ethanediol]",0.11988960519999999,16.0,220.0,0.459650176,0.377989161,C=CCOC1=CC=CC=C1,OC1=CC=CC=C1CC=C,CO,OCCO,[1.0],[1.0],C=CCOC1=CC=CC=C1.CO>>OC1=CC=CC=C1CC=C,C=CCOC1=CC=CC=C1.OCCO>>OC1=CC=CC=C1CC=C
3,Methanol,"Ethylene Glycol [1,2-Ethanediol]",0.04788960516,16.0,220.0,0.487101301,0.354755827,C=CCOC1=CC=CC=C1,OC1=CC=CC=C1CC=C,CO,OCCO,[1.0],[1.0],C=CCOC1=CC=CC=C1.CO>>OC1=CC=CC=C1CC=C,C=CCOC1=CC=CC=C1.OCCO>>OC1=CC=CC=C1CC=C
3,Methanol,"Ethylene Glycol [1,2-Ethanediol]",0.0,16.0,220.0,0.497827557,0.344519917,C=CCOC1=CC=CC=C1,OC1=CC=CC=C1CC=C,CO,OCCO,[1.0],[1.0],C=CCOC1=CC=CC=C1.CO>>OC1=CC=CC=C1CC=C,C=CCOC1=CC=CC=C1.OCCO>>OC1=CC=CC=C1CC=C
3,Methanol,"Ethylene Glycol [1,2-Ethanediol]",0.0,16.0,220.0,0.500603227,0.340300779,C=CCOC1=CC=CC=C1,OC1=CC=CC=C1CC=C,CO,OCCO,[1.0],[1.0],C=CCOC1=CC=CC=C1.CO>>OC1=CC=CC=C1CC=C,C=CCOC1=CC=CC=C1.OCCO>>OC1=CC=CC=C1CC=C
3,Methanol,"Ethylene Glycol [1,2-Ethanediol]",0.0,16.0,220.0,0.501593327,0.338928179,C=CCOC1=CC=CC=C1,OC1=CC=CC=C1CC=C,CO,OCCO,[1.0],[1.0],C=CCOC1=CC=CC=C1.CO>>OC1=CC=CC=C1CC=C,C=CCOC1=CC=CC=C1.OCCO>>OC1=CC=CC=C1CC=C
3,Methanol,"Ethylene Glycol [1,2-Ethanediol]",0.0,16.0,220.0,0.500966148,0.341243598,C=CCOC1=CC=CC=C1,OC1=CC=CC=C1CC=C,CO,OCCO,[1.0],[1.0],C=CCOC1=CC=CC=C1.CO>>OC1=CC=CC=C1CC=C,C=CCOC1=CC=CC=C1.OCCO>>OC1=CC=CC=C1CC=C
3,Methanol,"Ethylene Glycol [1,2-Ethanediol]",0.0,16.0,220.0,0.497047514,0.344457322,C=CCOC1=CC=CC=C1,OC1=CC=CC=C1CC=C,CO,OCCO,[1.0],[1.0],C=CCOC1=CC=CC=C1.CO>>OC1=CC=CC=C1CC=C,C=CCOC1=CC=CC=C1.OCCO>>OC1=CC=CC=C1CC=C
3,Methanol,"Ethylene Glycol [1,2-Ethanediol]",0.0,16.0,220.0,0.490145433,0.348930201,C=CCOC1=CC=CC=C1,OC1=CC=CC=C1CC=C,CO,OCCO,[1.0],[1.0],C=CCOC1=CC=CC=C1.CO>>OC1=CC=CC=C1CC=C,C=CCOC1=CC=CC=C1.OCCO>>OC1=CC=CC=C1CC=C
3,Methanol,"Ethylene Glycol [1,2-Ethanediol]",0.05311039484,16.0,220.0,0.471369652,0.366630433,C=CCOC1=CC=CC=C1,OC1=CC=CC=C1CC=C,CO,OCCO,[1.0],[1.0],C=CCOC1=CC=CC=C1.CO>>OC1=CC=CC=C1CC=C,C=CCOC1=CC=CC=C1.OCCO>>OC1=CC=CC=C1CC=C
3,Methanol,"Ethylene Glycol [1,2-Ethanediol]",0.1251103948,16.0,220.0,0.439319721,0.394767985,C=CCOC1=CC=CC=C1,OC1=CC=CC=C1CC=C,CO,OCCO,[1.0],[1.0],C=CCOC1=CC=CC=C1.CO>>OC1=CC=CC=C1CC=C,C=CCOC1=CC=CC=C1.OCCO>>OC1=CC=CC=C1CC=C
3,Methanol,"Ethylene Glycol [1,2-Ethanediol]",0.1967770615,16.0,220.0,0.413166832,0.415047074,C=CCOC1=CC=CC=C1,OC1=CC=CC=C1CC=C,CO,OCCO,[1.0],[1.0],C=CCOC1=CC=CC=C1.CO>>OC1=CC=CC=C1CC=C,C=CCOC1=CC=CC=C1.OCCO>>OC1=CC=CC=C1CC=C
3,Methanol,"Ethylene Glycol [1,2-Ethanediol]",0.2687770615,16.0,220.0,0.387589067,0.434238052,C=CCOC1=CC=CC=C1,OC1=CC=CC=C1CC=C,CO,OCCO,[1.0],[1.0],C=CCOC1=CC=CC=C1.CO>>OC1=CC=CC=C1CC=C,C=CCOC1=CC=CC=C1.OCCO>>OC1=CC=CC=C1CC=C
3,Methanol,"Ethylene Glycol [1,2-Ethanediol]",0.3401103948,16.0,220.0,0.361766654,0.453336293,C=CCOC1=CC=CC=C1,OC1=CC=CC=C1CC=C,CO,OCCO,[1.0],[1.0],C=CCOC1=CC=CC=C1.CO>>OC1=CC=CC=C1CC=C,C=CCOC1=CC=CC=C1.OCCO>>OC1=CC=CC=C1CC=C
3,Methanol,"Ethylene Glycol [1,2-Ethanediol]",0.41211039479999995,16.0,220.0,0.332220614,0.478845216,C=CCOC1=CC=CC=C1,OC1=CC=CC=C1CC=C,CO,OCCO,[1.0],[1.0],C=CCOC1=CC=CC=C1.CO>>OC1=CC=CC=C1CC=C,C=CCOC1=CC=CC=C1.OCCO>>OC1=CC=CC=C1CC=C
3,Methanol,"Ethylene Glycol [1,2-Ethanediol]",0.4837770615,16.0,220.0,0.309296385,0.495768102,C=CCOC1=CC=CC=C1,OC1=CC=CC=C1CC=C,CO,OCCO,[1.0],[1.0],C=CCOC1=CC=CC=C1.CO>>OC1=CC=CC=C1CC=C,C=CCOC1=CC=CC=C1.OCCO>>OC1=CC=CC=C1CC=C
3,Methanol,"Ethylene Glycol [1,2-Ethanediol]",0.5551103948,16.0,220.0,0.287798249,0.515636993,C=CCOC1=CC=CC=C1,OC1=CC=CC=C1CC=C,CO,OCCO,[1.0],[1.0],C=CCOC1=CC=CC=C1.CO>>OC1=CC=CC=C1CC=C,C=CCOC1=CC=CC=C1.OCCO>>OC1=CC=CC=C1CC=C
3,Methanol,"Ethylene Glycol [1,2-Ethanediol]",0.6267770615,16.0,220.0,0.267826583,0.53023477,C=CCOC1=CC=CC=C1,OC1=CC=CC=C1CC=C,CO,OCCO,[1.0],[1.0],C=CCOC1=CC=CC=C1.CO>>OC1=CC=CC=C1CC=C,C=CCOC1=CC=CC=C1.OCCO>>OC1=CC=CC=C1CC=C
3,Methanol,"Ethylene Glycol [1,2-Ethanediol]",0.6984437282,16.0,220.0,0.249712244,0.544405544,C=CCOC1=CC=CC=C1,OC1=CC=CC=C1CC=C,CO,OCCO,[1.0],[1.0],C=CCOC1=CC=CC=C1.CO>>OC1=CC=CC=C1CC=C,C=CCOC1=CC=CC=C1.OCCO>>OC1=CC=CC=C1CC=C
3,Methanol,"Ethylene Glycol [1,2-Ethanediol]",0.7701103948,16.0,220.0,0.231769914,0.558298602,C=CCOC1=CC=CC=C1,OC1=CC=CC=C1CC=C,CO,OCCO,[1.0],[1.0],C=CCOC1=CC=CC=C1.CO>>OC1=CC=CC=C1CC=C,C=CCOC1=CC=CC=C1.OCCO>>OC1=CC=CC=C1CC=C
3,Methanol,"Ethylene Glycol [1,2-Ethanediol]",0.8414437282,16.0,220.0,0.215186144,0.575685791,C=CCOC1=CC=CC=C1,OC1=CC=CC=C1CC=C,CO,OCCO,[1.0],[1.0],C=CCOC1=CC=CC=C1.CO>>OC1=CC=CC=C1CC=C,C=CCOC1=CC=CC=C1.OCCO>>OC1=CC=CC=C1CC=C
3,Methanol,"Ethylene Glycol [1,2-Ethanediol]",0.9134437282000001,16.0,220.0,0.201599196,0.591856658,C=CCOC1=CC=CC=C1,OC1=CC=CC=C1CC=C,CO,OCCO,[1.0],[1.0],C=CCOC1=CC=CC=C1.CO>>OC1=CC=CC=C1CC=C,C=CCOC1=CC=CC=C1.OCCO>>OC1=CC=CC=C1CC=C
3,Methanol,"Ethylene Glycol [1,2-Ethanediol]",0.9857770615,16.0,220.0,0.190001189,0.606403688,C=CCOC1=CC=CC=C1,OC1=CC=CC=C1CC=C,CO,OCCO,[1.0],[1.0],C=CCOC1=CC=CC=C1.CO>>OC1=CC=CC=C1CC=C,C=CCOC1=CC=CC=C1.OCCO>>OC1=CC=CC=C1CC=C
3,Methanol,"Ethylene Glycol [1,2-Ethanediol]",1.0,16.0,220.0,0.186319688,0.615946569,C=CCOC1=CC=CC=C1,OC1=CC=CC=C1CC=C,CO,OCCO,[1.0],[1.0],C=CCOC1=CC=CC=C1.CO>>OC1=CC=CC=C1CC=C,C=CCOC1=CC=CC=C1.OCCO>>OC1=CC=CC=C1CC=C
4,Water,"Ethylene Glycol [1,2-Ethanediol]",1.0,16.0,220.0,0.193780524,0.607023184,C=CCOC1=CC=CC=C1,OC1=CC=CC=C1CC=C,O,OCCO,[1.0],[1.0],C=CCOC1=CC=CC=C1.O>>OC1=CC=CC=C1CC=C,C=CCOC1=CC=CC=C1.OCCO>>OC1=CC=CC=C1CC=C
4,Water,"Ethylene Glycol [1,2-Ethanediol]",0.9877337631,16.0,220.0,0.194846355,0.604879935,C=CCOC1=CC=CC=C1,OC1=CC=CC=C1CC=C,O,OCCO,[1.0],[1.0],C=CCOC1=CC=CC=C1.O>>OC1=CC=CC=C1CC=C,C=CCOC1=CC=CC=C1.OCCO>>OC1=CC=CC=C1CC=C
4,Water,"Ethylene Glycol [1,2-Ethanediol]",0.9445337630999999,16.0,220.0,0.184443802,0.603037075,C=CCOC1=CC=CC=C1,OC1=CC=CC=C1CC=C,O,OCCO,[1.0],[1.0],C=CCOC1=CC=CC=C1.O>>OC1=CC=CC=C1CC=C,C=CCOC1=CC=CC=C1.OCCO>>OC1=CC=CC=C1CC=C
4,Water,"Ethylene Glycol [1,2-Ethanediol]",0.9013337631,16.0,220.0,0.176042618,0.600123005,C=CCOC1=CC=CC=C1,OC1=CC=CC=C1CC=C,O,OCCO,[1.0],[1.0],C=CCOC1=CC=CC=C1.O>>OC1=CC=CC=C1CC=C,C=CCOC1=CC=CC=C1.OCCO>>OC1=CC=CC=C1CC=C
4,Water,"Ethylene Glycol [1,2-Ethanediol]",0.8587337630999999,16.0,220.0,0.166362099,0.602284273,C=CCOC1=CC=CC=C1,OC1=CC=CC=C1CC=C,O,OCCO,[1.0],[1.0],C=CCOC1=CC=CC=C1.O>>OC1=CC=CC=C1CC=C,C=CCOC1=CC=CC=C1.OCCO>>OC1=CC=CC=C1CC=C
4,Water,"Ethylene Glycol [1,2-Ethanediol]",0.8157337631,16.0,220.0,0.15706529,0.59844479,C=CCOC1=CC=CC=C1,OC1=CC=CC=C1CC=C,O,OCCO,[1.0],[1.0],C=CCOC1=CC=CC=C1.O>>OC1=CC=CC=C1CC=C,C=CCOC1=CC=CC=C1.OCCO>>OC1=CC=CC=C1CC=C
4,Water,"Ethylene Glycol [1,2-Ethanediol]",0.7727337631000001,16.0,220.0,0.148851459,0.603616385,C=CCOC1=CC=CC=C1,OC1=CC=CC=C1CC=C,O,OCCO,[1.0],[1.0],C=CCOC1=CC=CC=C1.O>>OC1=CC=CC=C1CC=C,C=CCOC1=CC=CC=C1.OCCO>>OC1=CC=CC=C1CC=C
4,Water,"Ethylene Glycol [1,2-Ethanediol]",0.7295337631,16.0,220.0,0.140070837,0.611837788,C=CCOC1=CC=CC=C1,OC1=CC=CC=C1CC=C,O,OCCO,[1.0],[1.0],C=CCOC1=CC=CC=C1.O>>OC1=CC=CC=C1CC=C,C=CCOC1=CC=CC=C1.OCCO>>OC1=CC=CC=C1CC=C
4,Water,"Ethylene Glycol [1,2-Ethanediol]",0.6867337630999999,16.0,220.0,0.130923192,0.618310058,C=CCOC1=CC=CC=C1,OC1=CC=CC=C1CC=C,O,OCCO,[1.0],[1.0],C=CCOC1=CC=CC=C1.O>>OC1=CC=CC=C1CC=C,C=CCOC1=CC=CC=C1.OCCO>>OC1=CC=CC=C1CC=C
4,Water,"Ethylene Glycol [1,2-Ethanediol]",0.6435337631,16.0,220.0,0.123113934,0.623963872,C=CCOC1=CC=CC=C1,OC1=CC=CC=C1CC=C,O,OCCO,[1.0],[1.0],C=CCOC1=CC=CC=C1.O>>OC1=CC=CC=C1CC=C,C=CCOC1=CC=CC=C1.OCCO>>OC1=CC=CC=C1CC=C
4,Water,"Ethylene Glycol [1,2-Ethanediol]",0.6007337631,16.0,220.0,0.114790551,0.632525689,C=CCOC1=CC=CC=C1,OC1=CC=CC=C1CC=C,O,OCCO,[1.0],[1.0],C=CCOC1=CC=CC=C1.O>>OC1=CC=CC=C1CC=C,C=CCOC1=CC=CC=C1.OCCO>>OC1=CC=CC=C1CC=C
4,Water,"Ethylene Glycol [1,2-Ethanediol]",0.5575337631,16.0,220.0,0.105427227,0.644905698,C=CCOC1=CC=CC=C1,OC1=CC=CC=C1CC=C,O,OCCO,[1.0],[1.0],C=CCOC1=CC=CC=C1.O>>OC1=CC=CC=C1CC=C,C=CCOC1=CC=CC=C1.OCCO>>OC1=CC=CC=C1CC=C
4,Water,"Ethylene Glycol [1,2-Ethanediol]",0.5145337631,16.0,220.0,0.096267213,0.656666584,C=CCOC1=CC=CC=C1,OC1=CC=CC=C1CC=C,O,OCCO,[1.0],[1.0],C=CCOC1=CC=CC=C1.O>>OC1=CC=CC=C1CC=C,C=CCOC1=CC=CC=C1.OCCO>>OC1=CC=CC=C1CC=C
4,Water,"Ethylene Glycol [1,2-Ethanediol]",0.47173376310000004,16.0,220.0,0.086720678,0.674594139,C=CCOC1=CC=CC=C1,OC1=CC=CC=C1CC=C,O,OCCO,[1.0],[1.0],C=CCOC1=CC=CC=C1.O>>OC1=CC=CC=C1CC=C,C=CCOC1=CC=CC=C1.OCCO>>OC1=CC=CC=C1CC=C
4,Water,"Ethylene Glycol [1,2-Ethanediol]",0.4285337631,16.0,220.0,0.078884446,0.695936727,C=CCOC1=CC=CC=C1,OC1=CC=CC=C1CC=C,O,OCCO,[1.0],[1.0],C=CCOC1=CC=CC=C1.O>>OC1=CC=CC=C1CC=C,C=CCOC1=CC=CC=C1.OCCO>>OC1=CC=CC=C1CC=C
4,Water,"Ethylene Glycol [1,2-Ethanediol]",0.4,16.0,220.0,0.073523635,0.727485497,C=CCOC1=CC=CC=C1,OC1=CC=CC=C1CC=C,O,OCCO,[1.0],[1.0],C=CCOC1=CC=CC=C1.O>>OC1=CC=CC=C1CC=C,C=CCOC1=CC=CC=C1.OCCO>>OC1=CC=CC=C1CC=C
4,Water,"Ethylene Glycol [1,2-Ethanediol]",0.4,16.0,220.0,0.069383093,0.758237795,C=CCOC1=CC=CC=C1,OC1=CC=CC=C1CC=C,O,OCCO,[1.0],[1.0],C=CCOC1=CC=CC=C1.O>>OC1=CC=CC=C1CC=C,C=CCOC1=CC=CC=C1.OCCO>>OC1=CC=CC=C1CC=C
4,Water,"Ethylene Glycol [1,2-Ethanediol]",0.4,16.0,220.0,0.066038888,0.789926132,C=CCOC1=CC=CC=C1,OC1=CC=CC=C1CC=C,O,OCCO,[1.0],[1.0],C=CCOC1=CC=CC=C1.O>>OC1=CC=CC=C1CC=C,C=CCOC1=CC=CC=C1.OCCO>>OC1=CC=CC=C1CC=C
4,Water,"Ethylene Glycol [1,2-Ethanediol]",0.4,16.0,220.0,0.063635773,0.818972084,C=CCOC1=CC=CC=C1,OC1=CC=CC=C1CC=C,O,OCCO,[1.0],[1.0],C=CCOC1=CC=CC=C1.O>>OC1=CC=CC=C1CC=C,C=CCOC1=CC=CC=C1.OCCO>>OC1=CC=CC=C1CC=C
4,Water,"Ethylene Glycol [1,2-Ethanediol]",0.4,16.0,220.0,0.061145534,0.83197397,C=CCOC1=CC=CC=C1,OC1=CC=CC=C1CC=C,O,OCCO,[1.0],[1.0],C=CCOC1=CC=CC=C1.O>>OC1=CC=CC=C1CC=C,C=CCOC1=CC=CC=C1.OCCO>>OC1=CC=CC=C1CC=C
4,Water,"Ethylene Glycol [1,2-Ethanediol]",0.4,16.0,220.0,0.059347081,0.85132885,C=CCOC1=CC=CC=C1,OC1=CC=CC=C1CC=C,O,OCCO,[1.0],[1.0],C=CCOC1=CC=CC=C1.O>>OC1=CC=CC=C1CC=C,C=CCOC1=CC=CC=C1.OCCO>>OC1=CC=CC=C1CC=C
4,Water,"Ethylene Glycol [1,2-Ethanediol]",0.4324662369,16.0,220.0,0.058998364,0.876185626,C=CCOC1=CC=CC=C1,OC1=CC=CC=C1CC=C,O,OCCO,[1.0],[1.0],C=CCOC1=CC=CC=C1.O>>OC1=CC=CC=C1CC=C,C=CCOC1=CC=CC=C1.OCCO>>OC1=CC=CC=C1CC=C
4,Water,"Ethylene Glycol [1,2-Ethanediol]",0.47546623689999995,16.0,220.0,0.062447795,0.819592457,C=CCOC1=CC=CC=C1,OC1=CC=CC=C1CC=C,O,OCCO,[1.0],[1.0],C=CCOC1=CC=CC=C1.O>>OC1=CC=CC=C1CC=C,C=CCOC1=CC=CC=C1.OCCO>>OC1=CC=CC=C1CC=C
4,Water,"Ethylene Glycol [1,2-Ethanediol]",0.5182662369,16.0,220.0,0.068132764,0.768517553,C=CCOC1=CC=CC=C1,OC1=CC=CC=C1CC=C,O,OCCO,[1.0],[1.0],C=CCOC1=CC=CC=C1.O>>OC1=CC=CC=C1CC=C,C=CCOC1=CC=CC=C1.OCCO>>OC1=CC=CC=C1CC=C
4,Water,"Ethylene Glycol [1,2-Ethanediol]",0.5616662369000001,16.0,220.0,0.0731291,0.751120215,C=CCOC1=CC=CC=C1,OC1=CC=CC=C1CC=C,O,OCCO,[1.0],[1.0],C=CCOC1=CC=CC=C1.O>>OC1=CC=CC=C1CC=C,C=CCOC1=CC=CC=C1.OCCO>>OC1=CC=CC=C1CC=C
4,Water,"Ethylene Glycol [1,2-Ethanediol]",0.6044662369,16.0,220.0,0.079556473,0.738702458,C=CCOC1=CC=CC=C1,OC1=CC=CC=C1CC=C,O,OCCO,[1.0],[1.0],C=CCOC1=CC=CC=C1.O>>OC1=CC=CC=C1CC=C,C=CCOC1=CC=CC=C1.OCCO>>OC1=CC=CC=C1CC=C
4,Water,"Ethylene Glycol [1,2-Ethanediol]",0.6476662369,16.0,220.0,0.08679735,0.719594697,C=CCOC1=CC=CC=C1,OC1=CC=CC=C1CC=C,O,OCCO,[1.0],[1.0],C=CCOC1=CC=CC=C1.O>>OC1=CC=CC=C1CC=C,C=CCOC1=CC=CC=C1.OCCO>>OC1=CC=CC=C1CC=C
4,Water,"Ethylene Glycol [1,2-Ethanediol]",0.6906662369,16.0,220.0,0.095375175,0.702090311,C=CCOC1=CC=CC=C1,OC1=CC=CC=C1CC=C,O,OCCO,[1.0],[1.0],C=CCOC1=CC=CC=C1.O>>OC1=CC=CC=C1CC=C,C=CCOC1=CC=CC=C1.OCCO>>OC1=CC=CC=C1CC=C
4,Water,"Ethylene Glycol [1,2-Ethanediol]",0.7334662369,16.0,220.0,0.104565084,0.69241381,C=CCOC1=CC=CC=C1,OC1=CC=CC=C1CC=C,O,OCCO,[1.0],[1.0],C=CCOC1=CC=CC=C1.O>>OC1=CC=CC=C1CC=C,C=CCOC1=CC=CC=C1.OCCO>>OC1=CC=CC=C1CC=C
4,Water,"Ethylene Glycol [1,2-Ethanediol]",0.7766662368999999,16.0,220.0,0.115835062,0.669735905,C=CCOC1=CC=CC=C1,OC1=CC=CC=C1CC=C,O,OCCO,[1.0],[1.0],C=CCOC1=CC=CC=C1.O>>OC1=CC=CC=C1CC=C,C=CCOC1=CC=CC=C1.OCCO>>OC1=CC=CC=C1CC=C
4,Water,"Ethylene Glycol [1,2-Ethanediol]",0.8196662369000001,16.0,220.0,0.127014155,0.658628699,C=CCOC1=CC=CC=C1,OC1=CC=CC=C1CC=C,O,OCCO,[1.0],[1.0],C=CCOC1=CC=CC=C1.O>>OC1=CC=CC=C1CC=C,C=CCOC1=CC=CC=C1.OCCO>>OC1=CC=CC=C1CC=C
4,Water,"Ethylene Glycol [1,2-Ethanediol]",0.8628662369,16.0,220.0,0.140135257,0.642202176,C=CCOC1=CC=CC=C1,OC1=CC=CC=C1CC=C,O,OCCO,[1.0],[1.0],C=CCOC1=CC=CC=C1.O>>OC1=CC=CC=C1CC=C,C=CCOC1=CC=CC=C1.OCCO>>OC1=CC=CC=C1CC=C
4,Water,"Ethylene Glycol [1,2-Ethanediol]",0.9054662369,16.0,220.0,0.155512355,0.632760947,C=CCOC1=CC=CC=C1,OC1=CC=CC=C1CC=C,O,OCCO,[1.0],[1.0],C=CCOC1=CC=CC=C1.O>>OC1=CC=CC=C1CC=C,C=CCOC1=CC=CC=C1.OCCO>>OC1=CC=CC=C1CC=C
4,Water,"Ethylene Glycol [1,2-Ethanediol]",0.9486662369,16.0,220.0,0.170690073,0.621362404,C=CCOC1=CC=CC=C1,OC1=CC=CC=C1CC=C,O,OCCO,[1.0],[1.0],C=CCOC1=CC=CC=C1.O>>OC1=CC=CC=C1CC=C,C=CCOC1=CC=CC=C1.OCCO>>OC1=CC=CC=C1CC=C
4,Water,"Ethylene Glycol [1,2-Ethanediol]",0.9916662369,16.0,220.0,0.185448279,0.613422544,C=CCOC1=CC=CC=C1,OC1=CC=CC=C1CC=C,O,OCCO,[1.0],[1.0],C=CCOC1=CC=CC=C1.O>>OC1=CC=CC=C1CC=C,C=CCOC1=CC=CC=C1.OCCO>>OC1=CC=CC=C1CC=C
4,Water,"Ethylene Glycol [1,2-Ethanediol]",1.0,16.0,220.0,0.190375639,0.610249187,C=CCOC1=CC=CC=C1,OC1=CC=CC=C1CC=C,O,OCCO,[1.0],[1.0],C=CCOC1=CC=CC=C1.O>>OC1=CC=CC=C1CC=C,C=CCOC1=CC=CC=C1.OCCO>>OC1=CC=CC=C1CC=C
5,Acetic Acid,Acetonitrile,1.0,16.0,220.0,0.70443729,0.149544438,C=CCOC1=CC=CC=C1,OC1=CC=CC=C1CC=C,CC(=O)O,CC#N,[1.0],[1.0],C=CCOC1=CC=CC=C1.CC(=O)O>>OC1=CC=CC=C1CC=C,C=CCOC1=CC=CC=C1.CC#N>>OC1=CC=CC=C1CC=C
5,Acetic Acid,Acetonitrile,0.9525562718,16.0,220.0,0.701452693,0.151150993,C=CCOC1=CC=CC=C1,OC1=CC=CC=C1CC=C,CC(=O)O,CC#N,[1.0],[1.0],C=CCOC1=CC=CC=C1.CC(=O)O>>OC1=CC=CC=C1CC=C,C=CCOC1=CC=CC=C1.CC#N>>OC1=CC=CC=C1CC=C
5,Acetic Acid,Acetonitrile,0.8805562718000001,16.0,220.0,0.667569747,0.178267951,C=CCOC1=CC=CC=C1,OC1=CC=CC=C1CC=C,CC(=O)O,CC#N,[1.0],[1.0],C=CCOC1=CC=CC=C1.CC(=O)O>>OC1=CC=CC=C1CC=C,C=CCOC1=CC=CC=C1.CC#N>>OC1=CC=CC=C1CC=C
5,Acetic Acid,Acetonitrile,0.8085562718,16.0,220.0,0.62622284,0.214739863,C=CCOC1=CC=CC=C1,OC1=CC=CC=C1CC=C,CC(=O)O,CC#N,[1.0],[1.0],C=CCOC1=CC=CC=C1.CC(=O)O>>OC1=CC=CC=C1CC=C,C=CCOC1=CC=CC=C1.CC#N>>OC1=CC=CC=C1CC=C
5,Acetic Acid,Acetonitrile,0.7372229385,16.0,220.0,0.581176242,0.257365657,C=CCOC1=CC=CC=C1,OC1=CC=CC=C1CC=C,CC(=O)O,CC#N,[1.0],[1.0],C=CCOC1=CC=CC=C1.CC(=O)O>>OC1=CC=CC=C1CC=C,C=CCOC1=CC=CC=C1.CC#N>>OC1=CC=CC=C1CC=C
5,Acetic Acid,Acetonitrile,0.6655562718,16.0,220.0,0.555757011,0.269229094,C=CCOC1=CC=CC=C1,OC1=CC=CC=C1CC=C,CC(=O)O,CC#N,[1.0],[1.0],C=CCOC1=CC=CC=C1.CC(=O)O>>OC1=CC=CC=C1CC=C,C=CCOC1=CC=CC=C1.CC#N>>OC1=CC=CC=C1CC=C
5,Acetic Acid,Acetonitrile,0.5938896052,16.0,220.0,0.519034781,0.282399446,C=CCOC1=CC=CC=C1,OC1=CC=CC=C1CC=C,CC(=O)O,CC#N,[1.0],[1.0],C=CCOC1=CC=CC=C1.CC(=O)O>>OC1=CC=CC=C1CC=C,C=CCOC1=CC=CC=C1.CC#N>>OC1=CC=CC=C1CC=C
5,Acetic Acid,Acetonitrile,0.5218896052,16.0,220.0,0.484087514,0.290757571,C=CCOC1=CC=CC=C1,OC1=CC=CC=C1CC=C,CC(=O)O,CC#N,[1.0],[1.0],C=CCOC1=CC=CC=C1.CC(=O)O>>OC1=CC=CC=C1CC=C,C=CCOC1=CC=CC=C1.CC#N>>OC1=CC=CC=C1CC=C
5,Acetic Acid,Acetonitrile,0.5,16.0,220.0,0.44657308,0.295650978,C=CCOC1=CC=CC=C1,OC1=CC=CC=C1CC=C,CC(=O)O,CC#N,[1.0],[1.0],C=CCOC1=CC=CC=C1.CC(=O)O>>OC1=CC=CC=C1CC=C,C=CCOC1=CC=CC=C1.CC#N>>OC1=CC=CC=C1CC=C
5,Acetic Acid,Acetonitrile,0.5,16.0,220.0,0.440729226,0.327635957,C=CCOC1=CC=CC=C1,OC1=CC=CC=C1CC=C,CC(=O)O,CC#N,[1.0],[1.0],C=CCOC1=CC=CC=C1.CC(=O)O>>OC1=CC=CC=C1CC=C,C=CCOC1=CC=CC=C1.CC#N>>OC1=CC=CC=C1CC=C
5,Acetic Acid,Acetonitrile,0.5,16.0,220.0,0.4415486,0.325413185,C=CCOC1=CC=CC=C1,OC1=CC=CC=C1CC=C,CC(=O)O,CC#N,[1.0],[1.0],C=CCOC1=CC=CC=C1.CC(=O)O>>OC1=CC=CC=C1CC=C,C=CCOC1=CC=CC=C1.CC#N>>OC1=CC=CC=C1CC=C
5,Acetic Acid,Acetonitrile,0.5,16.0,220.0,0.443097064,0.325714889,C=CCOC1=CC=CC=C1,OC1=CC=CC=C1CC=C,CC(=O)O,CC#N,[1.0],[1.0],C=CCOC1=CC=CC=C1.CC(=O)O>>OC1=CC=CC=C1CC=C,C=CCOC1=CC=CC=C1.CC#N>>OC1=CC=CC=C1CC=C
5,Acetic Acid,Acetonitrile,0.5,16.0,220.0,0.444651146,0.320844785,C=CCOC1=CC=CC=C1,OC1=CC=CC=C1CC=C,CC(=O)O,CC#N,[1.0],[1.0],C=CCOC1=CC=CC=C1.CC(=O)O>>OC1=CC=CC=C1CC=C,C=CCOC1=CC=CC=C1.CC#N>>OC1=CC=CC=C1CC=C
5,Acetic Acid,Acetonitrile,0.5,16.0,220.0,0.445849019,0.31941183,C=CCOC1=CC=CC=C1,OC1=CC=CC=C1CC=C,CC(=O)O,CC#N,[1.0],[1.0],C=CCOC1=CC=CC=C1.CC(=O)O>>OC1=CC=CC=C1CC=C,C=CCOC1=CC=CC=C1.CC#N>>OC1=CC=CC=C1CC=C
5,Acetic Acid,Acetonitrile,0.5,16.0,220.0,0.454566492,0.318673138,C=CCOC1=CC=CC=C1,OC1=CC=CC=C1CC=C,CC(=O)O,CC#N,[1.0],[1.0],C=CCOC1=CC=CC=C1.CC(=O)O>>OC1=CC=CC=C1CC=C,C=CCOC1=CC=CC=C1.CC#N>>OC1=CC=CC=C1CC=C
5,Acetic Acid,Acetonitrile,0.5504437282,16.0,220.0,0.502515183,0.295131625,C=CCOC1=CC=CC=C1,OC1=CC=CC=C1CC=C,CC(=O)O,CC#N,[1.0],[1.0],C=CCOC1=CC=CC=C1.CC(=O)O>>OC1=CC=CC=C1CC=C,C=CCOC1=CC=CC=C1.CC#N>>OC1=CC=CC=C1CC=C
5,Acetic Acid,Acetonitrile,0.6221103948,16.0,220.0,0.543965477,0.268783305,C=CCOC1=CC=CC=C1,OC1=CC=CC=C1CC=C,CC(=O)O,CC#N,[1.0],[1.0],C=CCOC1=CC=CC=C1.CC(=O)O>>OC1=CC=CC=C1CC=C,C=CCOC1=CC=CC=C1.CC#N>>OC1=CC=CC=C1CC=C
5,Acetic Acid,Acetonitrile,0.6941103948,16.0,220.0,0.58325326,0.23854104,C=CCOC1=CC=CC=C1,OC1=CC=CC=C1CC=C,CC(=O)O,CC#N,[1.0],[1.0],C=CCOC1=CC=CC=C1.CC(=O)O>>OC1=CC=CC=C1CC=C,C=CCOC1=CC=CC=C1.CC#N>>OC1=CC=CC=C1CC=C
5,Acetic Acid,Acetonitrile,0.7654437282000001,16.0,220.0,0.623152941,0.214819335,C=CCOC1=CC=CC=C1,OC1=CC=CC=C1CC=C,CC(=O)O,CC#N,[1.0],[1.0],C=CCOC1=CC=CC=C1.CC(=O)O>>OC1=CC=CC=C1CC=C,C=CCOC1=CC=CC=C1.CC#N>>OC1=CC=CC=C1CC=C
5,Acetic Acid,Acetonitrile,0.8371103947999999,16.0,220.0,0.649623192,0.192169837,C=CCOC1=CC=CC=C1,OC1=CC=CC=C1CC=C,CC(=O)O,CC#N,[1.0],[1.0],C=CCOC1=CC=CC=C1.CC(=O)O>>OC1=CC=CC=C1CC=C,C=CCOC1=CC=CC=C1.CC#N>>OC1=CC=CC=C1CC=C
5,Acetic Acid,Acetonitrile,0.9087770614999999,16.0,220.0,0.685340456,0.159110903,C=CCOC1=CC=CC=C1,OC1=CC=CC=C1CC=C,CC(=O)O,CC#N,[1.0],[1.0],C=CCOC1=CC=CC=C1.CC(=O)O>>OC1=CC=CC=C1CC=C,C=CCOC1=CC=CC=C1.CC#N>>OC1=CC=CC=C1CC=C
5,Acetic Acid,Acetonitrile,0.9804437282,16.0,220.0,0.704442317,0.147637406,C=CCOC1=CC=CC=C1,OC1=CC=CC=C1CC=C,CC(=O)O,CC#N,[1.0],[1.0],C=CCOC1=CC=CC=C1.CC(=O)O>>OC1=CC=CC=C1CC=C,C=CCOC1=CC=CC=C1.CC#N>>OC1=CC=CC=C1CC=C
5,Acetic Acid,Acetonitrile,1.0,16.0,220.0,0.704915987,0.147926671,C=CCOC1=CC=CC=C1,OC1=CC=CC=C1CC=C,CC(=O)O,CC#N,[1.0],[1.0],C=CCOC1=CC=CC=C1.CC(=O)O>>OC1=CC=CC=C1CC=C,C=CCOC1=CC=CC=C1.CC#N>>OC1=CC=CC=C1CC=C
6,Ethanol,Cyclohexane,0.8522229385,16.0,220.0,0.754330162,0.17295796,C=CCOC1=CC=CC=C1,OC1=CC=CC=C1CC=C,OCC,CC(O)C,[1.0],[1.0],C=CCOC1=CC=CC=C1.OCC>>OC1=CC=CC=C1CC=C,C=CCOC1=CC=CC=C1.CC(O)C>>OC1=CC=CC=C1CC=C
6,Ethanol,Cyclohexane,0.7805562718,16.0,220.0,0.725423221,0.20604004,C=CCOC1=CC=CC=C1,OC1=CC=CC=C1CC=C,OCC,CC(O)C,[1.0],[1.0],C=CCOC1=CC=CC=C1.OCC>>OC1=CC=CC=C1CC=C,C=CCOC1=CC=CC=C1.CC(O)C>>OC1=CC=CC=C1CC=C
6,Ethanol,Cyclohexane,0.7025562718,16.0,220.0,0.655551697,0.123989772,C=CCOC1=CC=CC=C1,OC1=CC=CC=C1CC=C,OCC,CC(O)C,[1.0],[1.0],C=CCOC1=CC=CC=C1.OCC>>OC1=CC=CC=C1CC=C,C=CCOC1=CC=CC=C1.CC(O)C>>OC1=CC=CC=C1CC=C
6,Ethanol,Cyclohexane,0.6252229385,16.0,220.0,0.686507074,0.167280265,C=CCOC1=CC=CC=C1,OC1=CC=CC=C1CC=C,OCC,CC(O)C,[1.0],[1.0],C=CCOC1=CC=CC=C1.OCC>>OC1=CC=CC=C1CC=C,C=CCOC1=CC=CC=C1.CC(O)C>>OC1=CC=CC=C1CC=C
6,Ethanol,Cyclohexane,0.5475562718,16.0,220.0,0.666213286,0.173933138,C=CCOC1=CC=CC=C1,OC1=CC=CC=C1CC=C,OCC,CC(O)C,[1.0],[1.0],C=CCOC1=CC=CC=C1.OCC>>OC1=CC=CC=C1CC=C,C=CCOC1=CC=CC=C1.CC(O)C>>OC1=CC=CC=C1CC=C
6,Ethanol,Cyclohexane,0.4698896052,16.0,220.0,0.651256827,0.182043629,C=CCOC1=CC=CC=C1,OC1=CC=CC=C1CC=C,OCC,CC(O)C,[1.0],[1.0],C=CCOC1=CC=CC=C1.OCC>>OC1=CC=CC=C1CC=C,C=CCOC1=CC=CC=C1.CC(O)C>>OC1=CC=CC=C1CC=C
6,Ethanol,Cyclohexane,0.39255627179999997,16.0,220.0,0.646065259,0.199001853,C=CCOC1=CC=CC=C1,OC1=CC=CC=C1CC=C,OCC,CC(O)C,[1.0],[1.0],C=CCOC1=CC=CC=C1.OCC>>OC1=CC=CC=C1CC=C,C=CCOC1=CC=CC=C1.CC(O)C>>OC1=CC=CC=C1CC=C
6,Ethanol,Cyclohexane,0.3152229385,16.0,220.0,0.629960243,0.208317592,C=CCOC1=CC=CC=C1,OC1=CC=CC=C1CC=C,OCC,CC(O)C,[1.0],[1.0],C=CCOC1=CC=CC=C1.OCC>>OC1=CC=CC=C1CC=C,C=CCOC1=CC=CC=C1.CC(O)C>>OC1=CC=CC=C1CC=C
6,Ethanol,Cyclohexane,0.2372229385,16.0,220.0,0.61748165,0.220091753,C=CCOC1=CC=CC=C1,OC1=CC=CC=C1CC=C,OCC,CC(O)C,[1.0],[1.0],C=CCOC1=CC=CC=C1.OCC>>OC1=CC=CC=C1CC=C,C=CCOC1=CC=CC=C1.CC(O)C>>OC1=CC=CC=C1CC=C
6,Ethanol,Cyclohexane,0.1595562718,16.0,220.0,0.586626457,0.224461783,C=CCOC1=CC=CC=C1,OC1=CC=CC=C1CC=C,OCC,CC(O)C,[1.0],[1.0],C=CCOC1=CC=CC=C1.OCC>>OC1=CC=CC=C1CC=C,C=CCOC1=CC=CC=C1.CC(O)C>>OC1=CC=CC=C1CC=C
6,Ethanol,Cyclohexane,0.08188960516,16.0,220.0,0.584223827,0.241641339,C=CCOC1=CC=CC=C1,OC1=CC=CC=C1CC=C,OCC,CC(O)C,[1.0],[1.0],C=CCOC1=CC=CC=C1.OCC>>OC1=CC=CC=C1CC=C,C=CCOC1=CC=CC=C1.CC(O)C>>OC1=CC=CC=C1CC=C
6,Ethanol,Cyclohexane,0.0038896051599999998,16.0,220.0,0.579987965,0.246675054,C=CCOC1=CC=CC=C1,OC1=CC=CC=C1CC=C,OCC,CC(O)C,[1.0],[1.0],C=CCOC1=CC=CC=C1.OCC>>OC1=CC=CC=C1CC=C,C=CCOC1=CC=CC=C1.CC(O)C>>OC1=CC=CC=C1CC=C
6,Ethanol,Cyclohexane,0.0,16.0,220.0,0.575126058,0.241850252,C=CCOC1=CC=CC=C1,OC1=CC=CC=C1CC=C,OCC,CC(O)C,[1.0],[1.0],C=CCOC1=CC=CC=C1.OCC>>OC1=CC=CC=C1CC=C,C=CCOC1=CC=CC=C1.CC(O)C>>OC1=CC=CC=C1CC=C
6,Ethanol,Cyclohexane,0.0,16.0,220.0,0.574883626,0.242978732,C=CCOC1=CC=CC=C1,OC1=CC=CC=C1CC=C,OCC,CC(O)C,[1.0],[1.0],C=CCOC1=CC=CC=C1.OCC>>OC1=CC=CC=C1CC=C,C=CCOC1=CC=CC=C1.CC(O)C>>OC1=CC=CC=C1CC=C
6,Ethanol,Cyclohexane,0.0,16.0,220.0,0.573628984,0.235481908,C=CCOC1=CC=CC=C1,OC1=CC=CC=C1CC=C,OCC,CC(O)C,[1.0],[1.0],C=CCOC1=CC=CC=C1.OCC>>OC1=CC=CC=C1CC=C,C=CCOC1=CC=CC=C1.CC(O)C>>OC1=CC=CC=C1CC=C
6,Ethanol,Cyclohexane,0.0,16.0,220.0,0.577631918,0.240588019,C=CCOC1=CC=CC=C1,OC1=CC=CC=C1CC=C,OCC,CC(O)C,[1.0],[1.0],C=CCOC1=CC=CC=C1.OCC>>OC1=CC=CC=C1CC=C,C=CCOC1=CC=CC=C1.CC(O)C>>OC1=CC=CC=C1CC=C
6,Ethanol,Cyclohexane,0.0,16.0,220.0,0.580075136,0.226598955,C=CCOC1=CC=CC=C1,OC1=CC=CC=C1CC=C,OCC,CC(O)C,[1.0],[1.0],C=CCOC1=CC=CC=C1.OCC>>OC1=CC=CC=C1CC=C,C=CCOC1=CC=CC=C1.CC(O)C>>OC1=CC=CC=C1CC=C
6,Ethanol,Cyclohexane,0.062443728170000004,16.0,220.0,0.598120649,0.214016855,C=CCOC1=CC=CC=C1,OC1=CC=CC=C1CC=C,OCC,CC(O)C,[1.0],[1.0],C=CCOC1=CC=CC=C1.OCC>>OC1=CC=CC=C1CC=C,C=CCOC1=CC=CC=C1.CC(O)C>>OC1=CC=CC=C1CC=C
6,Ethanol,Cyclohexane,0.1401103948,16.0,220.0,0.621979433,0.203211781,C=CCOC1=CC=CC=C1,OC1=CC=CC=C1CC=C,OCC,CC(O)C,[1.0],[1.0],C=CCOC1=CC=CC=C1.OCC>>OC1=CC=CC=C1CC=C,C=CCOC1=CC=CC=C1.CC(O)C>>OC1=CC=CC=C1CC=C
6,Ethanol,Cyclohexane,0.2177770615,16.0,220.0,0.635564336,0.192622751,C=CCOC1=CC=CC=C1,OC1=CC=CC=C1CC=C,OCC,CC(O)C,[1.0],[1.0],C=CCOC1=CC=CC=C1.OCC>>OC1=CC=CC=C1CC=C,C=CCOC1=CC=CC=C1.CC(O)C>>OC1=CC=CC=C1CC=C
6,Ethanol,Cyclohexane,0.2954437282,16.0,220.0,0.642845073,0.179454746,C=CCOC1=CC=CC=C1,OC1=CC=CC=C1CC=C,OCC,CC(O)C,[1.0],[1.0],C=CCOC1=CC=CC=C1.OCC>>OC1=CC=CC=C1CC=C,C=CCOC1=CC=CC=C1.CC(O)C>>OC1=CC=CC=C1CC=C
6,Ethanol,Cyclohexane,0.37311039479999997,16.0,220.0,0.647997954,0.167489766,C=CCOC1=CC=CC=C1,OC1=CC=CC=C1CC=C,OCC,CC(O)C,[1.0],[1.0],C=CCOC1=CC=CC=C1.OCC>>OC1=CC=CC=C1CC=C,C=CCOC1=CC=CC=C1.CC(O)C>>OC1=CC=CC=C1CC=C
6,Ethanol,Cyclohexane,0.4504437282,16.0,220.0,0.663692086,0.159041355,C=CCOC1=CC=CC=C1,OC1=CC=CC=C1CC=C,OCC,CC(O)C,[1.0],[1.0],C=CCOC1=CC=CC=C1.OCC>>OC1=CC=CC=C1CC=C,C=CCOC1=CC=CC=C1.CC(O)C>>OC1=CC=CC=C1CC=C
6,Ethanol,Cyclohexane,0.5281103948,16.0,220.0,0.679536418,0.149690403,C=CCOC1=CC=CC=C1,OC1=CC=CC=C1CC=C,OCC,CC(O)C,[1.0],[1.0],C=CCOC1=CC=CC=C1.OCC>>OC1=CC=CC=C1CC=C,C=CCOC1=CC=CC=C1.CC(O)C>>OC1=CC=CC=C1CC=C
6,Ethanol,Cyclohexane,0.6054437282,16.0,220.0,0.691232651,0.141600724,C=CCOC1=CC=CC=C1,OC1=CC=CC=C1CC=C,OCC,CC(O)C,[1.0],[1.0],C=CCOC1=CC=CC=C1.OCC>>OC1=CC=CC=C1CC=C,C=CCOC1=CC=CC=C1.CC(O)C>>OC1=CC=CC=C1CC=C
6,Ethanol,Cyclohexane,0.6831103948,16.0,220.0,0.704712886,0.134710343,C=CCOC1=CC=CC=C1,OC1=CC=CC=C1CC=C,OCC,CC(O)C,[1.0],[1.0],C=CCOC1=CC=CC=C1.OCC>>OC1=CC=CC=C1CC=C,C=CCOC1=CC=CC=C1.CC(O)C>>OC1=CC=CC=C1CC=C
6,Ethanol,Cyclohexane,0.7611103948,16.0,220.0,0.73376655,0.146000793,C=CCOC1=CC=CC=C1,OC1=CC=CC=C1CC=C,OCC,CC(O)C,[1.0],[1.0],C=CCOC1=CC=CC=C1.OCC>>OC1=CC=CC=C1CC=C,C=CCOC1=CC=CC=C1.CC(O)C>>OC1=CC=CC=C1CC=C
6,Ethanol,Cyclohexane,0.8381103948,16.0,220.0,0.764224869,0.159667173,C=CCOC1=CC=CC=C1,OC1=CC=CC=C1CC=C,OCC,CC(O)C,[1.0],[1.0],C=CCOC1=CC=CC=C1.OCC>>OC1=CC=CC=C1CC=C,C=CCOC1=CC=CC=C1.CC(O)C>>OC1=CC=CC=C1CC=C
6,Ethanol,Cyclohexane,0.9157770614999999,16.0,220.0,0.782998408,0.194117525,C=CCOC1=CC=CC=C1,OC1=CC=CC=C1CC=C,OCC,CC(O)C,[1.0],[1.0],C=CCOC1=CC=CC=C1.OCC>>OC1=CC=CC=C1CC=C,C=CCOC1=CC=CC=C1.CC(O)C>>OC1=CC=CC=C1CC=C
6,Ethanol,Cyclohexane,0.9937770614999999,16.0,220.0,0.760705215,0.124888108,C=CCOC1=CC=CC=C1,OC1=CC=CC=C1CC=C,OCC,CC(O)C,[1.0],[1.0],C=CCOC1=CC=CC=C1.OCC>>OC1=CC=CC=C1CC=C,C=CCOC1=CC=CC=C1.CC(O)C>>OC1=CC=CC=C1CC=C
6,Ethanol,Cyclohexane,1.0,16.0,220.0,0.757739251,0.085012782,C=CCOC1=CC=CC=C1,OC1=CC=CC=C1CC=C,OCC,CC(O)C,[1.0],[1.0],C=CCOC1=CC=CC=C1.OCC>>OC1=CC=CC=C1CC=C,C=CCOC1=CC=CC=C1.CC(O)C>>OC1=CC=CC=C1CC=C
7,Water,Ethanol,0.475,16.0,220.0,0.288638727,0.597004127,C=CCOC1=CC=CC=C1,OC1=CC=CC=C1CC=C,O,OCC,[1.0],[1.0],C=CCOC1=CC=CC=C1.O>>OC1=CC=CC=C1CC=C,C=CCOC1=CC=CC=C1.OCC>>OC1=CC=CC=C1CC=C
7,Water,Ethanol,0.5136159146,16.0,220.0,0.292031664,0.592859213,C=CCOC1=CC=CC=C1,OC1=CC=CC=C1CC=C,O,OCC,[1.0],[1.0],C=CCOC1=CC=CC=C1.O>>OC1=CC=CC=C1CC=C,C=CCOC1=CC=CC=C1.OCC>>OC1=CC=CC=C1CC=C
7,Water,Ethanol,0.5951659146,16.0,220.0,0.337138765,0.572481968,C=CCOC1=CC=CC=C1,OC1=CC=CC=C1CC=C,O,OCC,[1.0],[1.0],C=CCOC1=CC=CC=C1.O>>OC1=CC=CC=C1CC=C,C=CCOC1=CC=CC=C1.OCC>>OC1=CC=CC=C1CC=C
7,Water,Ethanol,0.6767159146,16.0,220.0,0.400327164,0.527533863,C=CCOC1=CC=CC=C1,OC1=CC=CC=C1CC=C,O,OCC,[1.0],[1.0],C=CCOC1=CC=CC=C1.O>>OC1=CC=CC=C1CC=C,C=CCOC1=CC=CC=C1.OCC>>OC1=CC=CC=C1CC=C
7,Water,Ethanol,0.7586159146,16.0,220.0,0.476854132,0.463607594,C=CCOC1=CC=CC=C1,OC1=CC=CC=C1CC=C,O,OCC,[1.0],[1.0],C=CCOC1=CC=CC=C1.O>>OC1=CC=CC=C1CC=C,C=CCOC1=CC=CC=C1.OCC>>OC1=CC=CC=C1CC=C
7,Water,Ethanol,0.8405159146,16.0,220.0,0.551768474,0.400987617,C=CCOC1=CC=CC=C1,OC1=CC=CC=C1CC=C,O,OCC,[1.0],[1.0],C=CCOC1=CC=CC=C1.O>>OC1=CC=CC=C1CC=C,C=CCOC1=CC=CC=C1.OCC>>OC1=CC=CC=C1CC=C
7,Water,Ethanol,0.9220659146,16.0,220.0,0.61066678,0.350725589,C=CCOC1=CC=CC=C1,OC1=CC=CC=C1CC=C,O,OCC,[1.0],[1.0],C=CCOC1=CC=CC=C1.O>>OC1=CC=CC=C1CC=C,C=CCOC1=CC=CC=C1.OCC>>OC1=CC=CC=C1CC=C
7,Water,Ethanol,1.0,16.0,220.0,0.66983252,0.297140142,C=CCOC1=CC=CC=C1,OC1=CC=CC=C1CC=C,O,OCC,[1.0],[1.0],C=CCOC1=CC=CC=C1.O>>OC1=CC=CC=C1CC=C,C=CCOC1=CC=CC=C1.OCC>>OC1=CC=CC=C1CC=C
7,Water,Ethanol,1.0,16.0,220.0,0.702932905,0.268461754,C=CCOC1=CC=CC=C1,OC1=CC=CC=C1CC=C,O,OCC,[1.0],[1.0],C=CCOC1=CC=CC=C1.O>>OC1=CC=CC=C1CC=C,C=CCOC1=CC=CC=C1.OCC>>OC1=CC=CC=C1CC=C
7,Water,Ethanol,1.0,16.0,220.0,0.7080825,0.2639882,C=CCOC1=CC=CC=C1,OC1=CC=CC=C1CC=C,O,OCC,[1.0],[1.0],C=CCOC1=CC=CC=C1.O>>OC1=CC=CC=C1CC=C,C=CCOC1=CC=CC=C1.OCC>>OC1=CC=CC=C1CC=C
7,Water,Ethanol,1.0,16.0,220.0,0.709349206,0.26305567,C=CCOC1=CC=CC=C1,OC1=CC=CC=C1CC=C,O,OCC,[1.0],[1.0],C=CCOC1=CC=CC=C1.O>>OC1=CC=CC=C1CC=C,C=CCOC1=CC=CC=C1.OCC>>OC1=CC=CC=C1CC=C
7,Water,Ethanol,1.0,16.0,220.0,0.706051205,0.263424355,C=CCOC1=CC=CC=C1,OC1=CC=CC=C1CC=C,O,OCC,[1.0],[1.0],C=CCOC1=CC=CC=C1.O>>OC1=CC=CC=C1CC=C,C=CCOC1=CC=CC=C1.OCC>>OC1=CC=CC=C1CC=C
7,Water,Ethanol,1.0,16.0,220.0,0.704378934,0.266045205,C=CCOC1=CC=CC=C1,OC1=CC=CC=C1CC=C,O,OCC,[1.0],[1.0],C=CCOC1=CC=CC=C1.O>>OC1=CC=CC=C1CC=C,C=CCOC1=CC=CC=C1.OCC>>OC1=CC=CC=C1CC=C
7,Water,Ethanol,1.0,16.0,220.0,0.699933399,0.270267334,C=CCOC1=CC=CC=C1,OC1=CC=CC=C1CC=C,O,OCC,[1.0],[1.0],C=CCOC1=CC=CC=C1.O>>OC1=CC=CC=C1CC=C,C=CCOC1=CC=CC=C1.OCC>>OC1=CC=CC=C1CC=C
7,Water,Ethanol,0.9501840854,16.0,220.0,0.632972468,0.336552867,C=CCOC1=CC=CC=C1,OC1=CC=CC=C1CC=C,O,OCC,[1.0],[1.0],C=CCOC1=CC=CC=C1.O>>OC1=CC=CC=C1CC=C,C=CCOC1=CC=CC=C1.OCC>>OC1=CC=CC=C1CC=C
7,Water,Ethanol,0.8686340854,16.0,220.0,0.560996404,0.398901927,C=CCOC1=CC=CC=C1,OC1=CC=CC=C1CC=C,O,OCC,[1.0],[1.0],C=CCOC1=CC=CC=C1.O>>OC1=CC=CC=C1CC=C,C=CCOC1=CC=CC=C1.OCC>>OC1=CC=CC=C1CC=C
7,Water,Ethanol,0.7870840854,16.0,220.0,0.483183385,0.456662798,C=CCOC1=CC=CC=C1,OC1=CC=CC=C1CC=C,O,OCC,[1.0],[1.0],C=CCOC1=CC=CC=C1.O>>OC1=CC=CC=C1CC=C,C=CCOC1=CC=CC=C1.OCC>>OC1=CC=CC=C1CC=C
7,Water,Ethanol,0.7055340854000001,16.0,220.0,0.420234594,0.509782064,C=CCOC1=CC=CC=C1,OC1=CC=CC=C1CC=C,O,OCC,[1.0],[1.0],C=CCOC1=CC=CC=C1.O>>OC1=CC=CC=C1CC=C,C=CCOC1=CC=CC=C1.OCC>>OC1=CC=CC=C1CC=C
7,Water,Ethanol,0.6239840853999999,16.0,220.0,0.362454659,0.547683598,C=CCOC1=CC=CC=C1,OC1=CC=CC=C1CC=C,O,OCC,[1.0],[1.0],C=CCOC1=CC=CC=C1.O>>OC1=CC=CC=C1CC=C,C=CCOC1=CC=CC=C1.OCC>>OC1=CC=CC=C1CC=C
7,Water,Ethanol,0.5424340853999999,16.0,220.0,0.306549598,0.581787244,C=CCOC1=CC=CC=C1,OC1=CC=CC=C1CC=C,O,OCC,[1.0],[1.0],C=CCOC1=CC=CC=C1.O>>OC1=CC=CC=C1CC=C,C=CCOC1=CC=CC=C1.OCC>>OC1=CC=CC=C1CC=C
7,Water,Ethanol,0.475,16.0,220.0,0.284466703,0.602503228,C=CCOC1=CC=CC=C1,OC1=CC=CC=C1CC=C,O,OCC,[1.0],[1.0],C=CCOC1=CC=CC=C1.O>>OC1=CC=CC=C1CC=C,C=CCOC1=CC=CC=C1.OCC>>OC1=CC=CC=C1CC=C
8,"1,1,1,3,3,3-Hexafluoropropan-2-ol",IPA [Propan-2-ol],1.0,16.0,220.0,0.677834426,0.179728153,C=CCOC1=CC=CC=C1,OC1=CC=CC=C1CC=C,C(C(F)(F)F)(C(F)(F)F)O,CC(O)C,[1.0],[1.0],C=CCOC1=CC=CC=C1.C(C(F)(F)F)(C(F)(F)F)O>>OC1=CC=CC=C1CC=C,C=CCOC1=CC=CC=C1.CC(O)C>>OC1=CC=CC=C1CC=C
8,"1,1,1,3,3,3-Hexafluoropropan-2-ol",IPA [Propan-2-ol],0.9855562718,16.0,220.0,0.688661686,0.175854029,C=CCOC1=CC=CC=C1,OC1=CC=CC=C1CC=C,C(C(F)(F)F)(C(F)(F)F)O,CC(O)C,[1.0],[1.0],C=CCOC1=CC=CC=C1.C(C(F)(F)F)(C(F)(F)F)O>>OC1=CC=CC=C1CC=C,C=CCOC1=CC=CC=C1.CC(O)C>>OC1=CC=CC=C1CC=C
8,"1,1,1,3,3,3-Hexafluoropropan-2-ol",IPA [Propan-2-ol],0.9082229384999999,16.0,220.0,0.662037532,0.20916051,C=CCOC1=CC=CC=C1,OC1=CC=CC=C1CC=C,C(C(F)(F)F)(C(F)(F)F)O,CC(O)C,[1.0],[1.0],C=CCOC1=CC=CC=C1.C(C(F)(F)F)(C(F)(F)F)O>>OC1=CC=CC=C1CC=C,C=CCOC1=CC=CC=C1.CC(O)C>>OC1=CC=CC=C1CC=C
8,"1,1,1,3,3,3-Hexafluoropropan-2-ol",IPA [Propan-2-ol],0.8305562718,16.0,220.0,0.631179474,0.233032077,C=CCOC1=CC=CC=C1,OC1=CC=CC=C1CC=C,C(C(F)(F)F)(C(F)(F)F)O,CC(O)C,[1.0],[1.0],C=CCOC1=CC=CC=C1.C(C(F)(F)F)(C(F)(F)F)O>>OC1=CC=CC=C1CC=C,C=CCOC1=CC=CC=C1.CC(O)C>>OC1=CC=CC=C1CC=C
8,"1,1,1,3,3,3-Hexafluoropropan-2-ol",IPA [Propan-2-ol],0.7528896052,16.0,220.0,0.596417199,0.262944658,C=CCOC1=CC=CC=C1,OC1=CC=CC=C1CC=C,C(C(F)(F)F)(C(F)(F)F)O,CC(O)C,[1.0],[1.0],C=CCOC1=CC=CC=C1.C(C(F)(F)F)(C(F)(F)F)O>>OC1=CC=CC=C1CC=C,C=CCOC1=CC=CC=C1.CC(O)C>>OC1=CC=CC=C1CC=C
8,"1,1,1,3,3,3-Hexafluoropropan-2-ol",IPA [Propan-2-ol],0.6748896052000001,16.0,220.0,0.570025769,0.296395099,C=CCOC1=CC=CC=C1,OC1=CC=CC=C1CC=C,C(C(F)(F)F)(C(F)(F)F)O,CC(O)C,[1.0],[1.0],C=CCOC1=CC=CC=C1.C(C(F)(F)F)(C(F)(F)F)O>>OC1=CC=CC=C1CC=C,C=CCOC1=CC=CC=C1.CC(O)C>>OC1=CC=CC=C1CC=C
8,"1,1,1,3,3,3-Hexafluoropropan-2-ol",IPA [Propan-2-ol],0.5968896052,16.0,220.0,0.536444892,0.335466316,C=CCOC1=CC=CC=C1,OC1=CC=CC=C1CC=C,C(C(F)(F)F)(C(F)(F)F)O,CC(O)C,[1.0],[1.0],C=CCOC1=CC=CC=C1.C(C(F)(F)F)(C(F)(F)F)O>>OC1=CC=CC=C1CC=C,C=CCOC1=CC=CC=C1.CC(O)C>>OC1=CC=CC=C1CC=C
8,"1,1,1,3,3,3-Hexafluoropropan-2-ol",IPA [Propan-2-ol],0.5188896051999999,16.0,220.0,0.498888595,0.370449652,C=CCOC1=CC=CC=C1,OC1=CC=CC=C1CC=C,C(C(F)(F)F)(C(F)(F)F)O,CC(O)C,[1.0],[1.0],C=CCOC1=CC=CC=C1.C(C(F)(F)F)(C(F)(F)F)O>>OC1=CC=CC=C1CC=C,C=CCOC1=CC=CC=C1.CC(O)C>>OC1=CC=CC=C1CC=C
8,"1,1,1,3,3,3-Hexafluoropropan-2-ol",IPA [Propan-2-ol],0.44188960520000004,16.0,220.0,0.4528976,0.421693593,C=CCOC1=CC=CC=C1,OC1=CC=CC=C1CC=C,C(C(F)(F)F)(C(F)(F)F)O,CC(O)C,[1.0],[1.0],C=CCOC1=CC=CC=C1.C(C(F)(F)F)(C(F)(F)F)O>>OC1=CC=CC=C1CC=C,C=CCOC1=CC=CC=C1.CC(O)C>>OC1=CC=CC=C1CC=C
8,"1,1,1,3,3,3-Hexafluoropropan-2-ol",IPA [Propan-2-ol],0.36422293850000004,16.0,220.0,0.400071932,0.483889836,C=CCOC1=CC=CC=C1,OC1=CC=CC=C1CC=C,C(C(F)(F)F)(C(F)(F)F)O,CC(O)C,[1.0],[1.0],C=CCOC1=CC=CC=C1.C(C(F)(F)F)(C(F)(F)F)O>>OC1=CC=CC=C1CC=C,C=CCOC1=CC=CC=C1.CC(O)C>>OC1=CC=CC=C1CC=C
8,"1,1,1,3,3,3-Hexafluoropropan-2-ol",IPA [Propan-2-ol],0.2865562718,16.0,220.0,0.332292629,0.54396892,C=CCOC1=CC=CC=C1,OC1=CC=CC=C1CC=C,C(C(F)(F)F)(C(F)(F)F)O,CC(O)C,[1.0],[1.0],C=CCOC1=CC=CC=C1.C(C(F)(F)F)(C(F)(F)F)O>>OC1=CC=CC=C1CC=C,C=CCOC1=CC=CC=C1.CC(O)C>>OC1=CC=CC=C1CC=C
8,"1,1,1,3,3,3-Hexafluoropropan-2-ol",IPA [Propan-2-ol],0.20888960520000002,16.0,220.0,0.279706815,0.588033388,C=CCOC1=CC=CC=C1,OC1=CC=CC=C1CC=C,C(C(F)(F)F)(C(F)(F)F)O,CC(O)C,[1.0],[1.0],C=CCOC1=CC=CC=C1.C(C(F)(F)F)(C(F)(F)F)O>>OC1=CC=CC=C1CC=C,C=CCOC1=CC=CC=C1.CC(O)C>>OC1=CC=CC=C1CC=C
8,"1,1,1,3,3,3-Hexafluoropropan-2-ol",IPA [Propan-2-ol],0.1308896052,16.0,220.0,0.218452652,0.625221121,C=CCOC1=CC=CC=C1,OC1=CC=CC=C1CC=C,C(C(F)(F)F)(C(F)(F)F)O,CC(O)C,[1.0],[1.0],C=CCOC1=CC=CC=C1.C(C(F)(F)F)(C(F)(F)F)O>>OC1=CC=CC=C1CC=C,C=CCOC1=CC=CC=C1.CC(O)C>>OC1=CC=CC=C1CC=C
8,"1,1,1,3,3,3-Hexafluoropropan-2-ol",IPA [Propan-2-ol],0.052889605160000006,16.0,220.0,0.189906443,0.650098288,C=CCOC1=CC=CC=C1,OC1=CC=CC=C1CC=C,C(C(F)(F)F)(C(F)(F)F)O,CC(O)C,[1.0],[1.0],C=CCOC1=CC=CC=C1.C(C(F)(F)F)(C(F)(F)F)O>>OC1=CC=CC=C1CC=C,C=CCOC1=CC=CC=C1.CC(O)C>>OC1=CC=CC=C1CC=C
8,"1,1,1,3,3,3-Hexafluoropropan-2-ol",IPA [Propan-2-ol],0.0,16.0,220.0,0.173334948,0.66168609,C=CCOC1=CC=CC=C1,OC1=CC=CC=C1CC=C,C(C(F)(F)F)(C(F)(F)F)O,CC(O)C,[1.0],[1.0],C=CCOC1=CC=CC=C1.C(C(F)(F)F)(C(F)(F)F)O>>OC1=CC=CC=C1CC=C,C=CCOC1=CC=CC=C1.CC(O)C>>OC1=CC=CC=C1CC=C
8,"1,1,1,3,3,3-Hexafluoropropan-2-ol",IPA [Propan-2-ol],0.0,16.0,220.0,0.172862766,0.656026536,C=CCOC1=CC=CC=C1,OC1=CC=CC=C1CC=C,C(C(F)(F)F)(C(F)(F)F)O,CC(O)C,[1.0],[1.0],C=CCOC1=CC=CC=C1.C(C(F)(F)F)(C(F)(F)F)O>>OC1=CC=CC=C1CC=C,C=CCOC1=CC=CC=C1.CC(O)C>>OC1=CC=CC=C1CC=C
8,"1,1,1,3,3,3-Hexafluoropropan-2-ol",IPA [Propan-2-ol],0.0,16.0,220.0,0.166589896,0.667656447,C=CCOC1=CC=CC=C1,OC1=CC=CC=C1CC=C,C(C(F)(F)F)(C(F)(F)F)O,CC(O)C,[1.0],[1.0],C=CCOC1=CC=CC=C1.C(C(F)(F)F)(C(F)(F)F)O>>OC1=CC=CC=C1CC=C,C=CCOC1=CC=CC=C1.CC(O)C>>OC1=CC=CC=C1CC=C
8,"1,1,1,3,3,3-Hexafluoropropan-2-ol",IPA [Propan-2-ol],0.0,16.0,220.0,0.157536376,0.671753735,C=CCOC1=CC=CC=C1,OC1=CC=CC=C1CC=C,C(C(F)(F)F)(C(F)(F)F)O,CC(O)C,[1.0],[1.0],C=CCOC1=CC=CC=C1.C(C(F)(F)F)(C(F)(F)F)O>>OC1=CC=CC=C1CC=C,C=CCOC1=CC=CC=C1.CC(O)C>>OC1=CC=CC=C1CC=C
8,"1,1,1,3,3,3-Hexafluoropropan-2-ol",IPA [Propan-2-ol],0.0,16.0,220.0,0.146928355,0.689775551,C=CCOC1=CC=CC=C1,OC1=CC=CC=C1CC=C,C(C(F)(F)F)(C(F)(F)F)O,CC(O)C,[1.0],[1.0],C=CCOC1=CC=CC=C1.C(C(F)(F)F)(C(F)(F)F)O>>OC1=CC=CC=C1CC=C,C=CCOC1=CC=CC=C1.CC(O)C>>OC1=CC=CC=C1CC=C
8,"1,1,1,3,3,3-Hexafluoropropan-2-ol",IPA [Propan-2-ol],0.01244372817,16.0,220.0,0.166023704,0.677307662,C=CCOC1=CC=CC=C1,OC1=CC=CC=C1CC=C,C(C(F)(F)F)(C(F)(F)F)O,CC(O)C,[1.0],[1.0],C=CCOC1=CC=CC=C1.C(C(F)(F)F)(C(F)(F)F)O>>OC1=CC=CC=C1CC=C,C=CCOC1=CC=CC=C1.CC(O)C>>OC1=CC=CC=C1CC=C
8,"1,1,1,3,3,3-Hexafluoropropan-2-ol",IPA [Propan-2-ol],0.09011039484,16.0,220.0,0.196985748,0.654129857,C=CCOC1=CC=CC=C1,OC1=CC=CC=C1CC=C,C(C(F)(F)F)(C(F)(F)F)O,CC(O)C,[1.0],[1.0],C=CCOC1=CC=CC=C1.C(C(F)(F)F)(C(F)(F)F)O>>OC1=CC=CC=C1CC=C,C=CCOC1=CC=CC=C1.CC(O)C>>OC1=CC=CC=C1CC=C
8,"1,1,1,3,3,3-Hexafluoropropan-2-ol",IPA [Propan-2-ol],0.3511103948,16.0,220.0,0.372254212,0.50100535,C=CCOC1=CC=CC=C1,OC1=CC=CC=C1CC=C,C(C(F)(F)F)(C(F)(F)F)O,CC(O)C,[1.0],[1.0],C=CCOC1=CC=CC=C1.C(C(F)(F)F)(C(F)(F)F)O>>OC1=CC=CC=C1CC=C,C=CCOC1=CC=CC=C1.CC(O)C>>OC1=CC=CC=C1CC=C
8,"1,1,1,3,3,3-Hexafluoropropan-2-ol",IPA [Propan-2-ol],0.45677706149999997,16.0,220.0,0.462848119,0.419275131,C=CCOC1=CC=CC=C1,OC1=CC=CC=C1CC=C,C(C(F)(F)F)(C(F)(F)F)O,CC(O)C,[1.0],[1.0],C=CCOC1=CC=CC=C1.C(C(F)(F)F)(C(F)(F)F)O>>OC1=CC=CC=C1CC=C,C=CCOC1=CC=CC=C1.CC(O)C>>OC1=CC=CC=C1CC=C
8,"1,1,1,3,3,3-Hexafluoropropan-2-ol",IPA [Propan-2-ol],0.5627770615,16.0,220.0,0.531972163,0.330374398,C=CCOC1=CC=CC=C1,OC1=CC=CC=C1CC=C,C(C(F)(F)F)(C(F)(F)F)O,CC(O)C,[1.0],[1.0],C=CCOC1=CC=CC=C1.C(C(F)(F)F)(C(F)(F)F)O>>OC1=CC=CC=C1CC=C,C=CCOC1=CC=CC=C1.CC(O)C>>OC1=CC=CC=C1CC=C
8,"1,1,1,3,3,3-Hexafluoropropan-2-ol",IPA [Propan-2-ol],0.6684437282000001,16.0,220.0,0.602449419,0.256572349,C=CCOC1=CC=CC=C1,OC1=CC=CC=C1CC=C,C(C(F)(F)F)(C(F)(F)F)O,CC(O)C,[1.0],[1.0],C=CCOC1=CC=CC=C1.C(C(F)(F)F)(C(F)(F)F)O>>OC1=CC=CC=C1CC=C,C=CCOC1=CC=CC=C1.CC(O)C>>OC1=CC=CC=C1CC=C
8,"1,1,1,3,3,3-Hexafluoropropan-2-ol",IPA [Propan-2-ol],0.7737770614999999,16.0,220.0,0.655098813,0.204329497,C=CCOC1=CC=CC=C1,OC1=CC=CC=C1CC=C,C(C(F)(F)F)(C(F)(F)F)O,CC(O)C,[1.0],[1.0],C=CCOC1=CC=CC=C1.C(C(F)(F)F)(C(F)(F)F)O>>OC1=CC=CC=C1CC=C,C=CCOC1=CC=CC=C1.CC(O)C>>OC1=CC=CC=C1CC=C
8,"1,1,1,3,3,3-Hexafluoropropan-2-ol",IPA [Propan-2-ol],0.8801103948,16.0,220.0,0.687993691,0.172546939,C=CCOC1=CC=CC=C1,OC1=CC=CC=C1CC=C,C(C(F)(F)F)(C(F)(F)F)O,CC(O)C,[1.0],[1.0],C=CCOC1=CC=CC=C1.C(C(F)(F)F)(C(F)(F)F)O>>OC1=CC=CC=C1CC=C,C=CCOC1=CC=CC=C1.CC(O)C>>OC1=CC=CC=C1CC=C
8,"1,1,1,3,3,3-Hexafluoropropan-2-ol",IPA [Propan-2-ol],0.9857770615,16.0,220.0,0.688492175,0.173310462,C=CCOC1=CC=CC=C1,OC1=CC=CC=C1CC=C,C(C(F)(F)F)(C(F)(F)F)O,CC(O)C,[1.0],[1.0],C=CCOC1=CC=CC=C1.C(C(F)(F)F)(C(F)(F)F)O>>OC1=CC=CC=C1CC=C,C=CCOC1=CC=CC=C1.CC(O)C>>OC1=CC=CC=C1CC=C
8,"1,1,1,3,3,3-Hexafluoropropan-2-ol",IPA [Propan-2-ol],1.0,16.0,220.0,0.689192999,0.178342229,C=CCOC1=CC=CC=C1,OC1=CC=CC=C1CC=C,C(C(F)(F)F)(C(F)(F)F)O,CC(O)C,[1.0],[1.0],C=CCOC1=CC=CC=C1.C(C(F)(F)F)(C(F)(F)F)O>>OC1=CC=CC=C1CC=C,C=CCOC1=CC=CC=C1.CC(O)C>>OC1=CC=CC=C1CC=C
